id|numberOfMembers|title|uuid|addedDate
1|1|Engineering|9ae71dcc-9eb7-568c-bd98-e64a2fd9650e|1644806199669
2|1|Design|3f3db902-cb73-520a-8380-a5b88584e810|1644806199669
3|1|Engineering|2c535c07-c60b-57b4-95ad-cc62d0f28354|1644806199669
4|1|Design|f79196b3-e1fb-51b4-8849-2e52d7dc39ce|1644806199669
5|2|Animation|44a538f4-5f82-59e8-8109-82c5ce6ecca7|1644806199669
6|1|Engineering|81747109-02e7-54ec-90b2-5951cedf65bd|1644806199669
7|2|Animation|4fa0e3b2-53d0-53eb-97dc-a9b3760f91f9|1644806199669
8|2|Art|7784cff1-4f65-56ce-a66e-e0aa5fe8fa04|1644806199669
9|1|Tech Content|5c4542cb-9591-51aa-8bd5-8d6c3a8a07cb|1644806199669
10|3|Animation|50030de0-e0fc-5e09-9651-60fa1c5a189f|1644806199669
11|1|Design|7a72316e-0ace-5798-9d60-e0bf41c27ada|1644806199669
12|1|Tech Content|4d50e884-d1fc-54c4-b468-10d91b75fd91|1644806199669
13|1|Art|49581c2b-5bf9-5f36-bddd-20a754ff37cf|1644806199669
14|3|Art|9945e1b2-968e-5ba1-a248-daa76bee16ca|1644806199669
15|1|Engineering|c1c8cbb8-9199-511e-acdd-e3bd2e621f69|1644806199669
16|1|Engineering|cfff933e-bf43-5116-acd8-903580d0d118|1644806199669
17|1|Art|3d8a67c9-ff53-5ba2-b13b-3851d8cf837d|1644806199669
18|4|Art|c75ff690-2458-579b-985e-ed181df6c3f1|1644806199669
19|2|Audio|43adb899-a95b-5365-ad18-9bbc0eadcfa3|1644806199669
20|3|Art|d518c64c-3ec7-5611-adbc-1922b264806f|1644806199669
21|2|Design|4269bc61-742b-53e7-965b-95614f6d3db0|1644806199669
22|1|Audio|f267eb72-585b-5f96-ae92-4a92f1449468|1644806199669
23|3|Design|8e8f59d7-800a-5e31-8168-c41fee2c7ea6|1644806199669
24|1|Design|27e1f0d8-c27c-518e-ab46-a129b9e5e1cc|1644806199669
25|5|Art|30eaebda-e6b0-5671-b9cc-bf56cd35648b|1644806199669
26|1|Design|078c4e6d-f599-5c57-bee6-26bed95c9134|1644806199669
27|1|Design|6984db37-f0ad-51e0-a38f-f3db4199a91f|1644806199669
28|2|Art|964e1118-9b6a-5053-9578-79a64001a59e|1644806199669
29|1|Art|11b70bb6-7de4-5c77-be50-e425e990449a|1644806199669
30|1|Art|c784146e-c422-5996-9509-e7799f758a7d|1644806199669
31|1|Design|21cfc2ae-54e1-584f-87f5-453a2cd3755c|1644806199669
32|1|Design|8fc9988f-a2ce-5a21-87ec-9accc77c296d|1644806199669
33|1|Animation|231da684-0e97-52af-b609-24be7c6e827a|1644806199669
34|1|Design|0ed60304-a395-5591-ba7a-c1ef2bb79798|1644806199669
35|1|Engineering|df769320-e4ed-54a9-be64-16636e6fea26|1644806199669
36|1|Design|0a814a51-32c4-5f86-8cbe-66d27bd82712|1644806199669
37|1|Art|9b3f2d61-f855-5c37-9ac2-a868c598aea8|1644806199669
38|1|Design|ffb51582-a9a8-59cc-8813-8557085815af|1644806199669
39|1|Animation|dd988f8f-f124-57bb-983d-3b7cd026a13f|1644806199669
40|1|Design|bd368a01-57c9-533c-8d05-c8fd561a3e39|1644806199669
41|2|Tech Content|e8c4b626-ad34-5d1f-b980-f0a21a5bad1a|1644806199669
42|1|Design|8754a82e-1c2d-5e4c-a2a2-fefd0758b9bc|1644806199669
43|1|Animation|ae967525-a474-52c4-8299-4033afd50c18|1644806199669
44|1|Tech Content|0cdfde92-e242-5652-a4df-41ffc8e920c6|1644806199669
45|1|Engineering|138e2092-e826-5a25-94b3-cc0daec687c0|1644806199669
46|1|Design|a819842b-e51b-5fb5-a086-00a36a5d7f61|1644806199669
47|1|Tech Content|ae4e981e-49c2-5d14-bafd-246fdcbc57a2|1644806199669
48|1|Design|b328943e-5f9b-524d-908d-b6bb994b6441|1644806199669
49|1|Design|f2c0aa92-92ca-5f7b-8178-6acd4aeffd8b|1644806199669
50|1|Tech Content|193736aa-ec17-564a-b445-3d5ef89795f5|1644806199669
51|1|Engineering|2288f435-d911-53ac-a726-612d63007447|1644806199669
52|1|Animation|37c1336d-788b-5873-82bf-e1321c918a88|1644806199669
53|1|Engineering|5f13f6df-ec57-567b-9b1c-42f3e7132217|1644806199669
54|1|Design|7aac2b0c-1206-5656-9f30-7ed3772060fe|1644806199669
55|1|Animation|c69acc80-3130-5eee-bb31-30bb8efe7374|1644806199669
56|1|Design|06d22fe0-f1ab-513d-9420-809bccd9a032|1644806199669
57|2|Animation|075ddd70-6b5e-572f-b413-0d0328fd469a|1644806199669
58|1|Engineering|9cd4756f-d138-5604-b302-2800a883f1eb|1644806199669
59|1|Engineering|eb50c534-27c4-5ed5-9792-b26539e6ebc8|1644806199669
60|1|Tech Content|3d47f14c-515a-52c1-8f0d-669bf2cd89ee|1644806199669
61|1|Engineering|744fa08e-18e5-5b81-a4ab-3bcfce4ebd6f|1644806199669
62|2|Animation|42c41d77-e869-5388-9d30-de515284577b|1644806199669
63|1|Engineering|87a6d941-cca4-58e9-af24-4fcb8a4bbb20|1644806199669
64|4|Animation|8e29c891-89f7-5ba4-8ed1-1b703f78a8b6|1644806199669
65|1|Engineering|dc1c67d0-b706-5f24-abf3-7b252aea1a75|1644806199669
66|1|Engineering|36515311-5522-5ddd-9ada-3104faaeb504|1644806199669
67|2|Engineering|af8fb964-9c7b-56c2-b457-5a1c2bddc365|1644806199669
68|1|Art|d0b3c095-723c-593e-aee8-384cc6840a83|1644806199669
69|1|Tech Content|d7b60ef6-fe9c-5f0f-8c31-28638e1a381b|1644806199669
70|1|Art|9e780a4e-c14d-5ec9-ac2f-7f4ce7109400|1644806199669
71|1|Tech Content|0fc170f1-f377-572b-9bc0-c5a7b852db5e|1644806199669
72|1|Art|51a04249-8bea-59a0-80df-11160ac5d475|1644806199669
73|1|Design|e01cfe78-c4f5-567a-9b78-5540fcfe0d0b|1644806199669
74|1|Art|0413574e-ac56-5ff6-bea1-4263cae69fd5|1644806199669
75|1|Audio|5d8b4dd1-a466-56a6-8957-120efc6c079a|1644806199669
76|2|Design|2ad259b1-5c5f-5f5e-ba2d-9a5bdb1edbc6|1644806199669
77|1|Art|36907a8e-29b7-5440-af77-fa77170b3198|1644806199669
78|1|Design|c786f32f-6b5c-5f8c-8a4f-bd69c4f52a6e|1644806199669
79|1|Tech Content|8d3680ad-c042-5e9e-af29-ed868299427d|1644806199669
80|1|Design|0e560a6b-58b7-5cad-85ed-24400b6bab53|1644806199669
81|1|Art|3db2e934-13ad-5485-bd29-e2f792fd1845|1644806199669
82|14|Art|0c6c3cc5-00e8-5c00-91fd-c1f499391e00|1644806199669
83|2|Audio|3d88898d-068c-5613-8483-6f2248c7acd7|1644806199669
84|8|Art|2daf0595-ac41-5786-9aa7-35390acded20|1644806199669
85|1|Art|a79e94ac-7bf0-5364-b436-e6b9751f70c2|1644806199669
86|2|Tech Content|fefc6491-0351-51ca-8f02-6047cb2da46c|1644806199669
87|1|Audio|1bf4c31d-2a5b-5d54-ad98-aefaa7d5adee|1644806199669
88|3|Design|c52ddbed-66a9-5d1f-b7c8-a2c517c1f219|1644806199669
89|6|Art|bed47687-9faf-5013-b92b-e26e795c411c|1644806199669
90|1|Design|643130f4-85ba-5e7f-b967-b065f0e5955e|1644806199669
91|1|Design|0bb015cc-fd7a-57a0-b7dd-243e11169295|1644806199669
92|2|Art|5f510d12-fb65-5a11-bdd7-02d23a298e98|1644806199669
93|4|Art|3105aeca-1449-5c13-9311-4e165f28afc1|1644806199669
94|1|Design|6da91b2f-71f5-5c4f-8957-761f080ffcf3|1644806199669
95|2|Design|f4553d53-e8f2-50db-9a83-df266cd63a89|1644806199669
96|2|Engineering|454dac5b-baf0-584c-9fdb-dbde128063ca|1644806199669
97|2|Art|543f5e15-6c7e-5d5d-9d40-23c353aef4b5|1644806199669
98|2|Engineering|75eb0c1a-191e-54c9-a16d-01a3c9bdd2c8|1644806199669
99|1|Design|341158bf-c1fd-598d-98e4-8a307268bcd0|1644806199669
100|1|Engineering|8f7d3a6d-db00-5457-8e3a-6e2b76483954|1644806199669
101|1|Tech Content|69ad286d-d195-52f6-a378-ad913d0f8a94|1644806199669
102|1|Engineering|677e1dac-a8ce-53fb-8950-a3fdbe01f633|1644806199669
103|2|Engineering|c14d64cf-871e-5d28-a0f0-7505a09e21c4|1644806199669
104|1|Engineering|d2eb98ec-44de-53f8-b4ee-ef0977fa0ff9|1644806199669
105|1|Design|916ec467-8027-59d9-b0af-3021aeb30496|1644806199669
106|1|Engineering|83d0247f-ad30-505b-9bfb-52eb52ae76cc|1644806199669
107|5|Engineering|263a5d03-b2fb-54a7-8d09-e5cc556ac16c|1644806199669
108|1|Engineering|20c6fda5-198b-5e1f-a766-c36a1177e83d|1644806199669
109|2|Design|41a8181e-d5ef-526a-a063-e57290c19e5c|1644806199669
110|2|Tech Content|ddc1d92f-fa1e-5cdb-9f62-8e8af94b4361|1644806199669
111|1|Tech Content|9039de10-fc5e-5760-a5de-e53d0fcc3d25|1644806199669
112|2|Tech Content|69c8c1db-3b80-52b9-b12c-e77e9e98c79d|1644806199669
113|2|Art|df522606-1aff-5281-94a8-11521663cb86|1644806199669
114|1|Design|862377d6-bdce-585e-9158-75eae6195c66|1644806199669
115|1|Art|3d672d66-773d-5887-8edb-49c86eef4387|1644806199669
116|2|Art|335d4203-ee4a-53b8-8d37-d5d57c4bb65f|1644806199669
117|6|Art|33658c84-6e83-5232-a777-5e68ddefda08|1644806199669
118|3|Design|144b10d6-37e4-5a77-984a-2c538be9f615|1644806199669
119|3|Art|8d8e9c35-e402-5e24-9962-de56c741b151|1644806199669
120|2|Art|087a4b8e-8cc3-5be6-aedb-859ff0980baf|1644806199669
121|2|Audio|d9b57a0b-2c19-5e7d-bd96-1758ce214774|1644806199669
122|1|Art|5df844aa-4487-560a-bf3e-99eb892c058a|1644806199669
123|1|Art|7b38fa9b-2562-5bd8-a34d-ca36ac123522|1644806199669
124|2|Audio|0a1d31ea-16b1-583d-8061-128ebeee3696|1644806199669
125|1|Art|79132712-a6ab-5761-b72a-e97b8e6320fa|1644806199669
126|3|Art|37da26cb-3062-56dc-9312-82afd5463ee0|1644806199669
127|1|Animation|8a914828-219f-53c4-b4f5-c1536d1d45b4|1644806199669
128|1|Design|488250c9-e346-516f-8804-fab1996b3386|1644806199669
129|1|Engineering|066e0483-318a-5792-bd9c-d289ceac972f|1644806199669
130|1|Audio|19c4535c-a77d-5592-9396-5e33bb34f8d2|1644806199669
131|2|Design|1da44e17-f46e-575f-b8ec-f2cfe4371bad|1644806199669
132|1|Engineering|64effc8b-a83f-5b8c-8ca5-8388064750ba|1644806199669
133|2|Design|dc73b27e-ad64-55d9-bf15-137797696182|1644806199669
134|2|Engineering|5a802f73-35b5-5857-abd7-2097b4e3ff92|1644806199669
135|3|Art|907f83b7-466c-534d-ab5d-d88121429ede|1644806199669
136|1|Art|5aa36aec-a349-50bc-975c-86e2713272d9|1644806199669
137|1|Art|2c2b65b2-69f8-5e80-9def-fc2e2d4ca023|1644806199669
138|1|Art|a62db702-76e8-5bb8-9357-39b7d38de0d1|1644806199669
139|1|Design|77321972-0650-50d6-ba9d-5bd1a97db35b|1644806199669
140|3|Art|184c7d71-2b5d-5c63-bdbd-dd14cd34b3d3|1644806199669
141|1|Cinematics|1832ec0c-0c5e-5e14-96ab-dfcb5f6bd24e|1644806199669
142|3|Engineering|0edf6d51-20d6-5c53-8556-f4457615f67d|1644806199669
143|2|Engineering|a685533c-a706-5603-9bae-bb3627ef4f7c|1644806199669
144|4|Animation|ce04e317-be32-5921-9d3f-51a67ee4cfba|1644806199669
145|2|Tech Content|49921d37-c7c2-5422-bd14-d0679248c3d9|1644806199669
146|5|Design|65d994c0-d137-5073-8640-3029bef7f88f|1644806199669
147|10|Engineering|0c365cca-6cc4-502e-b91d-4f31ba0ecfa7|1644806199669
148|3|Animation|41f2d2dc-6f3e-5bf1-bf10-b7a1b6a6e2e0|1644806199669
149|2|Tech Content|84f9c66f-d1b8-542c-b19a-d69717b36a73|1644806199669
150|21|Audio|1430dd13-e02c-53a3-8a01-4e7327666922|1644806199669
151|5|Art|ef214e26-8c07-5805-b6b1-0a0eb622baa2|1644806199669
152|3|Tech Content|adc28df3-04ce-5684-a82a-c7e39dc23cb5|1644806199669
153|4|Engineering|511f49e0-321a-5cfc-b27a-04b67eb4acdc|1644806199669
154|4|Engineering|070dd330-0170-5a55-b151-3b1930a03013|1644806199669
155|15|Art|402a7615-fec4-5228-9572-d0ed113e0dde|1644806199669
156|5|Design|9e2d7d1b-722f-5640-b163-7ad8d1d2c826|1644806199669
157|4|Engineering|85cec034-4c04-5d22-8bb9-a869fdcb606e|1644806199669
158|2|Design|de5f6433-beb8-5785-b2d2-86b02726d5bd|1644806199669
159|6|Design|ae06eb44-e579-5a1e-a316-0e5e36ec971f|1644806199669
160|10|Art|d5eef227-5aab-5c7a-ba36-08fbaa489597|1644806199669
161|3|Engineering|9d7b89eb-adf9-5add-b130-5f6517b78da6|1644806199669
162|1|Art|bf1cb6cd-adee-5cc1-a439-52e0597cd5d1|1644806199669
163|6|Engineering|a408d3ea-4097-5818-83dc-f56cf6b58cd0|1644806199669
164|10|Engineering|537e4e17-7aff-5934-b2c6-03c45b636b37|1644806199669
165|2|Tech Content|afb16cd1-4a1a-5ef7-9154-dca287c5a80e|1644806199669
166|7|Art|31e10e16-eb22-54ef-b015-247a75433e26|1644806199669
167|5|Design|390650f4-26a9-5f6b-be37-6b729e146274|1644806199669
168|2|Engineering|634fae4d-1660-542b-a594-2fad76533822|1644806199669
169|3|Engineering|3c4f26b9-5c5a-54be-adb8-dd59182be756|1644806199669
170|1|Design|370bed8d-222f-59e1-bf3c-9945806764f1|1644806199669
171|2|Engineering|9600ce63-ba17-528a-abfc-d199a2502794|1644806199669
172|1|Engineering|2b563cca-a09d-58b7-bd03-f53ad6487f95|1644806199669
173|3|Engineering|12ce835e-b3ab-5305-962f-4f751879dfba|1644806199669
174|1|Engineering|2731f046-90a1-5e7b-b7db-9166b6804336|1644806199669
175|11|Art|0d760908-c0d0-5ee2-83a1-dcc3fab9d569|1644806199669
176|2|Tech Content|69407950-b7eb-5382-a4b6-875ce221b59d|1644806199669
177|2|Art|317b18c1-e533-5505-a0f8-f64418eadd06|1644806199669
178|2|Art|b800a23d-ee91-5b7f-925f-6b56b0090475|1644806199669
179|5|Engineering|8fd3c849-b4ba-5f25-a793-750743cdf1b6|1644806199669
180|1|Design|fce072c9-50ea-5671-a8aa-a75a99288741|1644806199669
181|5|Engineering|46ca3a5c-9f54-57f8-b1e5-60e224e28e3d|1644806199669
182|1|Art|49e27250-79db-5d87-82be-24d0b4f1048e|1644806199669
183|3|Engineering|36ceeefd-d406-516f-8aeb-6d57058bdddb|1644806199669
184|1|Design|74f82bc9-0c83-52d1-9e0b-c567f8fce771|1644806199669
185|4|Engineering|12267aad-30c2-565d-909d-ffda529b5ff3|1644806199669
186|4|Engineering|ed657a73-8a64-581f-8bd9-fdb0bc9e732c|1644806199669
187|3|Art|344d3455-ee2a-58c2-9e7e-2705e3f3a4bc|1644806199669
188|4|Design|be415656-26f8-5023-87cb-9a667f62fcb4|1644806199669
189|17|Art|65922778-2eea-5fef-ae0e-b6fdf63d4f16|1644806199669
190|5|Design|25593ad9-493b-522d-a415-2357c68ca155|1644806199669
191|3|Tech Content|9aaa1475-e386-50dd-9356-56a2ae6813e5|1644806199669
192|5|Art|44c869d2-b608-5ad9-96a6-c36c8730e0c5|1644806199669
193|2|Design|a5c73d0c-8156-5c17-97be-3b4960feab88|1644806199669
194|4|Design|67ab86c9-1330-5ed5-8ebf-57bbf0c26991|1644806199669
195|3|Engineering|df882998-b41d-5d5a-a13b-7b5a59014440|1644806199669
196|9|Engineering|a497d352-f460-54a3-a67c-adc76a8abcce|1644806199669
197|2|Design|e1ecca96-a88e-5c35-9304-59de0887611f|1644806199669
198|3|Engineering|1d73b923-b5a2-533b-ad35-d0a4468d6ab6|1644806199669
199|11|Art|3e64e3a4-d781-5de0-a184-d53f0819510c|1644806199669
200|4|Engineering|a3858e04-638a-5a11-a972-04e9e9b68a5a|1644806199669
201|1|Tech Content|e4d27d0a-57ec-5bcf-9b17-b87887105683|1644806199669
202|5|Art|afc50ca3-6780-551a-9464-e71a85eee2b0|1644806199669
203|1|Animation|a8f817a9-9002-57f5-9ce2-fa9d1b153c50|1644806199669
204|2|Engineering|79046876-7857-5307-8bcc-6195f92cc1cb|1644806199669
205|1|Design|c04e03fe-fffa-5554-8513-cd28bbb55260|1644806199669
206|7|Art|644d46bf-9496-5b75-88f2-14d6ca446098|1644806199669
207|4|Design|b1832822-c2d9-5298-9766-146d88c4527b|1644806199669
208|10|Art|145aef65-c2b8-5f4f-b9ea-688f6181d24e|1644806199669
209|1|Design|06f7a4bb-4620-56fd-9e86-bf37e742d61c|1644806199669
210|1|Engineering|b8481ce5-4f63-5ddd-95a6-aa2dd9fcb9b0|1644806199669
211|1|Design|9e96b111-354e-5e9a-94e4-eed43747a43c|1644806199669
212|2|Art|bbf96962-dc5d-5a59-81a6-7c8552259dbc|1644806199669
213|1|Design|422a0720-50b3-5af1-a7ce-443efc062ec7|1644806199669
214|3|Engineering|03317282-7548-542b-811c-cf1e794c08ae|1644806199669
215|2|Art|8339cbe8-1d90-5cac-abe1-a41f4889a1b2|1644806199669
216|1|Design|2d62368b-9099-5077-97f4-23e256f5cac6|1644806199669
217|1|Art|650685cd-ab8c-5d94-b4dd-a1bda1e1972c|1644806199669
218|1|Design|5c568062-b99f-5172-9b13-a15be6a99583|1644806199669
219|3|Animation|8833e8c6-896e-5236-8ff0-13a24d0b387d|1644806199669
220|1|Animation|3d35c3e6-01c8-5ef3-a98a-780827e9190e|1644806199669
221|4|Animation|062e984c-b71d-5d8f-b760-78d418a5f410|1644806199669
222|1|Art|afe78e51-5fac-5316-9c12-01163f057b17|1644806199669
223|8|Art|997a0c22-a0fa-50da-ab9a-738ceefbee49|1644806199669
224|1|Design|42c39748-981a-5742-8fcc-6972aea2673f|1644806199669
225|2|Design|a9562eb5-655b-54b5-96e3-5ae0bc37ee5f|1644806199669
226|3|Design|cf4c1f8b-165d-5135-8eb1-bf200e520615|1644806199669
227|1|Design|24d39662-9467-579c-ab6b-af81d502c61a|1644806199669
228|1|Design|340ceb1a-29b5-5c7c-855b-2e777630944e|1644806199669
229|3|Animation|0ba9c329-b2ba-5612-9304-c9201314f75e|1644806199669
230|2|Design|1d447879-2d4b-5ad8-bb12-ad79e61576d6|1644806199669
231|4|Animation|c8c8ec4c-8795-5295-b60e-6f140e59880d|1644806199669
232|1|Design|a53aa381-b657-58b3-b1b9-0e6f7370e673|1644806199669
233|3|Animation|97dd6d45-276f-524a-8e82-40357917f878|1644806199669
234|2|Design|c88b2b44-18dd-51d1-a06a-e93b2523bccc|1644806199669
235|4|Animation|b71a8d26-7b17-5a43-a1b6-42f8b06be1fe|1644806199669
236|2|Design|f7460a5e-6536-5445-a9ef-d368518e4694|1644806199669
237|3|Art|647074c8-0e79-5885-830f-5ef9c2d79672|1644806199669
238|6|Design|8dc27f3a-d107-541d-8d1f-029abf40a5c7|1644806199669
239|1|Design|c0aa1f23-df15-57a0-ba5f-e1120edc69f4|1644806199669
240|2|Design|ed95251d-0ef8-5bee-b385-7e4d91535a44|1644806199669
241|2|Animation|a19e6677-1bee-508a-91dd-f281e49f1db4|1644806199669
242|5|Animation|3fb3624d-1c5b-58ea-b3a1-161e1eaade5d|1644806199669
243|2|Design|fbc73b82-f465-51d4-a79d-32340d1b7610|1644806199669
244|2|Design|4eb4572a-b043-570e-9a39-faeaef5930a7|1644806199669
245|2|Animation|09321cbf-4ef3-5ace-9061-f1be1026a784|1644806199669
246|3|Animation|5cb65b3a-c63f-5928-a4c5-7e2cd4e07496|1644806199669
247|2|Design|8a469781-3158-54ff-adb8-9b61071d597a|1644806199669
248|1|Design|0ce9dc44-6fb5-522e-a055-f73ade53d24f|1644806199669
249|2|Design|6a30b60e-f5a2-5684-8fab-cf9308faeb51|1644806199669
250|2|Animation|84c1e23b-ec69-5562-bdd6-c5c572c08f30|1644806199669
251|5|Animation|cbe0fd79-c140-5c88-bd55-a34bd42da816|1644806199669
252|1|Design|377068a1-1c0f-5cec-8ddc-1acaf65dfcb2|1644806199669
253|2|Animation|f736d8b4-83be-5172-ae30-5874632a1b93|1644806199669
254|2|Design|692bf883-4038-565e-98e8-33ef287472dd|1644806199669
255|3|Animation|401e6b38-ad37-531d-88ea-4bfec49f1ff7|1644806199669
256|2|Design|c860c8d8-d511-5eb1-9855-51fdaf7d6e4b|1644806199669
257|2|Design|30e2b6c0-ec51-53f5-9f9c-443af3db4aff|1644806199669
258|2|Animation|0b534640-b692-5466-87e3-5b95b8e76ace|1644806199669
259|2|Design|d22f56c6-957f-5b21-af76-6fcd2d759a35|1644806199669
260|5|Animation|03cf74a2-109d-5f00-8948-b6195f4198a5|1644806199669
261|1|Design|2571d641-dbb6-5b7a-b245-45fbf5b81521|1644806199669
262|1|Audio|0131c45c-b3e0-5d5c-b69c-61a36bef297f|1644806199669
263|2|Animation|b2b30a61-f520-51a2-9a36-f4ea71ffcf6c|1644806199669
264|2|Design|def964d2-a81f-5ad0-898c-350da4182ef9|1644806199669
265|4|Animation|ca115df4-d9c3-5b46-8377-0fe36a07d604|1644806199669
266|2|Design|e47f4b39-772f-5f5c-96ab-d5eb87d6169b|1644806199669
267|2|Art|fbab3938-f637-5bea-87a3-231cfd9ca8bc|1644806199669
268|4|Design|4c12c5cd-f61c-5305-aab1-c488db9fbaa1|1644806199669
269|2|Design|f47c5682-d4ea-5fec-a7c5-1b3b1fc28b60|1644806199669
270|2|Design|2c1a9d7a-acd5-50f7-b852-ba6db7576ba9|1644806199669
271|2|Animation|f5211df5-cbee-55e3-8b67-2377df22d140|1644806199669
272|5|Animation|e2d96cc6-8fd4-5b78-8e44-ca73f884d2ab|1644806199669
273|3|Design|f5b724ea-c873-50c2-811b-c50e90d22fe6|1644806199669
274|3|Design|86c2eb8a-1c38-51a1-96f4-1d188e857ce5|1644806199669
275|1|Design|50f70dd7-c64d-54e7-ab80-85b94232910b|1644806199669
276|4|Animation|10c88268-0702-5703-9fd4-ba0306f7d70c|1644806199669
277|1|Design|a2a3e4c0-1267-50b9-9726-31465b405295|1644806199669
278|1|Design|ad7867d1-5db0-53c6-9e5f-1a23bc284bd4|1644806199669
279|3|Animation|cf6856ff-e27b-5978-86fa-b70b7c747b4a|1644806199669
280|2|Design|cbcd6d43-3951-5dce-b5b1-72a8341771b1|1644806199669
281|1|Design|3c9c7614-f42a-54b2-8b41-457a9c15e20f|1644806199669
282|1|Design|7e4aa5d0-d6fd-5660-84a5-bfdb4d2a1b64|1644806199669
283|3|Animation|6bb8d683-7e62-5c59-b2b6-71d89836f412|1644806199669
284|5|Animation|bb5e9435-1c3e-5a12-ba51-86b15b91998d|1644806199669
285|3|Design|81c603e3-d74a-5acd-bc82-250554fe1936|1644806199669
286|1|Design|015e5e0b-f96d-594a-9c34-f995b1a2c18a|1644806199669
287|1|Design|07773070-400c-5f50-9367-20eadd25d309|1644806199669
288|1|Design|639efd9c-6b11-5049-8398-f76216dbe011|1644806199669
289|3|Animation|018fed2b-51cb-53da-b5b0-f561669a81aa|1644806199669
290|1|Design|62ec88e8-7ed6-5fd9-a2f5-2aab7697896b|1644806199669
291|1|Design|405fb7eb-6459-525c-9df2-ef70044a71e3|1644806199669
292|1|Design|fe04c68c-c564-536c-bfd8-8a640bfb8304|1644806199669
293|4|Animation|31f170df-626f-5bae-9c35-869d731a7655|1644806199669
294|4|Design|7440290c-8af0-5672-a712-85ff07df41bd|1644806199669
295|1|Design|ee769356-f310-59af-985f-62af6ba1f10d|1644806199669
296|1|Animation|58c8b564-c7dc-5971-b11c-7fc0ec154faa|1644806199669
297|5|Animation|4392bd00-c08a-5f4f-983f-403bb93673d0|1644806199669
298|3|Design|3fbea95c-70bf-5706-8cf7-6f5a92c2a36d|1644806199669
299|2|Design|a43a3e55-852b-5672-929a-6ebd1ed813b5|1644806199669
300|2|Animation|c3f8fe34-1c52-5e3f-b78e-ab18035ed633|1644806199669
301|3|Animation|2c24a448-176c-5120-afff-fff35ffd434f|1644806199669
302|1|Art|1fc971ca-7ee0-5e3a-a9a8-83e7d00b64f5|1644806199669
303|2|Design|6f0ccf28-8704-56fa-88d3-8cd6d729c889|1644806199669
304|1|Design|44377be1-9bab-57ba-9c48-6ae38640343d|1644806199669
305|1|Animation|c3bdd6d8-7fb1-5ac2-82d6-f5010828fd81|1644806199669
306|1|Design|3fbd265d-90ce-505a-afad-1248873f4243|1644806199669
307|4|Animation|559694da-4929-5a7c-9c83-c55a255b24a9|1644806199669
308|2|Design|cb45743f-c6c9-5a7f-a5a1-9e89dbdfcf1e|1644806199669
309|3|Animation|4d5635a5-b23f-56cd-bd6c-d929ae910dbf|1644806199669
310|5|Design|f728ce22-0d2a-568f-af98-66ed016f53df|1644806199669
311|1|Design|f589e7bd-5563-57e4-b61b-0154bdfd0289|1644806199669
312|2|Animation|0c4fdd57-930a-5931-af3d-a547d7417177|1644806199669
313|1|Design|ff272b15-43b6-5936-8385-8da347abd17f|1644806199669
314|1|Animation|bd3713b8-81cd-51dd-bae0-e355d3fe589c|1644806199669
315|5|Animation|38300a9b-229a-524b-a153-43c4637605da|1644806199669
316|1|Design|b22d8299-206f-5d88-8325-cc3d2f9a0671|1644806199669
317|3|Animation|46085ffd-ead8-5d03-a70f-cdd07dc71058|1644806199669
318|1|Design|3b2f7e3d-05cc-527f-b708-c40946980a47|1644806199669
319|1|Engineering|e6a02e92-5597-5c65-bf3d-f998f145b335|1644806199669
320|1|Design|345ae888-104e-5d02-b7a6-460307719f33|1644806199669
321|3|Animation|cc71fba9-7e32-5206-80bf-85b5a8859379|1644806199669
322|1|Design|f3b50dd7-9e9e-5a22-81e9-1051f015f465|1644806199669
323|1|Design|8f3cd151-97bb-536c-8256-0442101b21c6|1644806199669
324|3|Animation|cb5c6f3e-0814-5d61-8263-e0ae27c3effa|1644806199669
325|8|Art|9027621c-330c-5967-83ab-f6f3122e8447|1644806199669
326|4|Design|b658c704-cf82-5d27-8468-22b130a5ad41|1644806199669
327|3|Animation|500a450d-9866-5e24-ba37-cbe2ceff8f3d|1644806199669
328|2|Design|4a6291ec-fcb5-566e-bdf5-1406b6635ca0|1644806199669
329|1|Tech Content|f48b7cf7-ffc5-5cee-8a7e-3bb0befbc635|1644806199669
330|1|Engineering|0ac82ac0-290d-5369-8e8a-c4844767b6a7|1644806199669
331|3|Design|11e7651d-15a4-554c-a6be-c26880f353ea|1644806199669
332|4|Animation|d8f5706b-a569-5644-b9f0-aec81c171d40|1644806199669
333|3|Animation|66419e94-e8ab-5c1a-b150-d132a558f802|1644806199669
334|4|Engineering|00ac9703-839a-5e3c-af0d-7e0c62a44933|1644806199669
335|5|Audio|9c8c3a06-701a-5f8a-9054-c0ff503b21fd|1644806199669
336|14|Art|2c85a432-fc0b-5591-ac74-008b3c4fae6f|1644806199669
337|3|Tech Content|d06d5bf7-60f4-5ece-81cc-66118433e24c|1644806199669
338|2|Tech Content|5bc2d9a2-8a6f-58ee-9721-f5cc9b8618f3|1644806199669
339|6|Animation|d66d15cf-c2d6-5aaf-865e-ae4e79b5df36|1644806199669
340|5|Animation|0427795f-61ad-5ff1-9de2-ac1f9f437cae|1644806199669
341|1|Design|cde55345-422f-58ec-9db5-cc2be795ae84|1644806199669
342|9|Art|40692525-8562-55e2-abae-c186782516b2|1644806199669
343|6|Tech Content|4f9b5e49-b06b-5114-899f-1c7ce4f779e9|1644806199669
344|1|Art|45e81bb4-b1de-53d4-95a2-6772f78361a4|1644806199669
345|1|Animation|250c0ca9-d734-53c0-a6d1-bd438546f565|1644806199669
346|1|Engineering|b3e815c4-c5f9-54ac-bac1-39cc1162efb1|1644806199669
347|1|Engineering|3afcce0e-a8c7-58f2-91ef-542ddc834a78|1644806199669
348|1|Design|6c785c6e-5cad-5f5a-97e5-39a235db8692|1644806199669
349|5|Art|eb74708e-dea6-5f95-be04-c840981e079d|1644806199669
350|1|Art|0ecf018a-a44d-52dd-8bc2-816d42567ba4|1644806199669
351|1|Engineering|c9be8554-2335-5282-b909-900907431264|1644806199669
352|1|Engineering|6239c55e-b9f1-5051-96c3-85ad8b05faa1|1644806199669
353|1|Engineering|f10b2020-a150-5b8f-9384-dcf068d5eabf|1644806199669
354|1|Engineering|75ce5517-dbab-5d25-a79e-37a5714d5067|1644806199669
355|1|Design|bb0a72e1-7b84-5223-8b9a-9f5ea71a724f|1644806199669
356|1|Design|5d3074f4-07ba-53be-8190-722e7784c996|1644806199669
357|1|Engineering|1250ec94-f574-5dae-af5c-0363ce60493b|1644806199669
358|2|Design|1d61dfc5-f55c-5ab2-ad75-0b935bb4c442|1644806199669
359|1|Engineering|2aae5888-e309-5419-8974-31b2f48ea53f|1644806199669
360|3|Design|d55f01a7-4f20-51aa-a950-1ea21bc94a69|1644806199669
361|3|Art|9f75f600-bd6d-5b15-b8c5-3545276da666|1644806199669
362|1|Engineering|dab7801e-a7eb-5bf3-8748-c9d5f01e7815|1644806199669
363|1|Audio|1c2ea351-3b21-5bc1-9c1d-01edb6946d12|1644806199669
364|1|Design|5e24e330-06a6-552e-a19f-4f97b44e2281|1644806199669
365|1|Art|5a9f9114-c845-5561-ba79-e661109ec18a|1644806199669
366|2|Art|69b479c8-60f2-5b0f-b6c1-9f3baa7ab981|1644806199669
367|2|Design|8a4c5b0d-9edd-5744-8cca-3a55003363b2|1644806199669
368|2|Tech Content|27625877-56a2-5738-afc2-50b954a267d4|1644806199669
369|1|Design|526c5e68-9c7a-512b-94f3-5fd27524e9f4|1644806199669
370|2|Art|45a3722b-e650-530a-b3ce-f458fcec735c|1644806199669
371|1|Engineering|e698cfe6-7287-50a4-a45a-0c412b84ea24|1644806199669
372|1|Art|c1d7efa8-15be-5344-bc74-e14f6f4357c7|1644806199669
373|6|Audio|d6c76069-92e3-53ce-8b8e-fe2be2697b50|1644806199669
374|1|Art|d1f4d887-0049-583a-88b3-4af653dab853|1644806199669
375|1|Engineering|0eef0fee-e776-50f5-8b57-e51890704fc7|1644806199669
376|1|Design|ce487f17-d5b4-5c4c-a0f1-11214491cf89|1644806199669
377|1|Tech Content|1157da42-3117-5f90-ab87-3a59bf59e6ee|1644806199669
378|2|Audio|01593dc2-7c38-54a9-861f-478847557a45|1644806199669
379|1|Design|d74fc5a2-8685-5a71-972d-39a327b333f7|1644806199669
380|1|Art|be4fec53-8c54-5499-9ee7-5e30bbc79627|1644806199669
381|1|Art|6d0df1f3-a583-54be-91e4-1413a9162bd6|1644806199669
382|1|Audio|e1f6835f-398c-5d43-ae46-17357776f926|1644806199669
383|3|Design|7a63d7e2-6d81-523f-a467-2e98ad2874c5|1644806199669
384|2|Art|e498791b-81d5-5df5-8874-29c91e9b32a2|1644806199669
385|1|Design|133b6bc0-b17c-5641-904a-a9c9b5a5d6da|1644806199669
386|1|Design|ef7d183f-1ed1-58da-a52d-48c4df80cd4f|1644806199669
387|1|Art|cda11a47-5f5d-59bf-b072-cc0fb3648aca|1644806199669
388|1|Audio|a136ada2-1d4a-52d5-bb93-4c8ab8a402ec|1644806199669
389|3|Design|53dcd717-e5be-5384-b799-b2c114bdcf66|1644806199669
390|2|Art|5b8f8521-aacd-584a-997b-2b279c2a4499|1644806199669
391|1|Design|77b99770-cdd8-5750-8ae3-d2e0433f8681|1644806199669
392|1|Design|0f8a0faa-424a-575e-a276-e029e60a857d|1644806199669
393|1|Art|aca8f4dc-8073-5092-a53f-ca119616f6b7|1644806199669
394|5|Audio|e57d3fb6-239a-5ed9-b28a-d2fd9c1900ed|1644806199669
395|1|Design|1ae5e4aa-8794-5db4-9022-e73c73501161|1644806199669
396|1|Design|496e1b79-ec77-532f-a4c4-62fae4f15d48|1644806199669
397|1|Art|ab93ab62-52d7-5f07-9032-356ea0cbad27|1644806199669
398|5|Art|d57b5f2c-509e-5e3c-899e-6bdefa5f5c0b|1644806199669
399|2|Design|436f04a1-2876-5067-b3e3-ea631d0e81d6|1644806199669
400|2|Design|dbe97183-b48f-5844-b1ea-f3056af3490e|1644806199669
401|1|Art|92911c00-62e8-5a34-b5d4-8f4a79b0bc7f|1644806199669
402|3|Audio|ec8f064e-6cc0-5178-bc01-75249ba291c8|1644806199669
403|1|Design|ad26b026-8a10-534a-b811-7c51eed7e4f0|1644806199669
404|1|Design|7d7d281e-3fa7-59c3-8ee8-2dcae6520f6e|1644806199669
405|1|Art|c4a83a16-08fe-5e69-84c5-5af3a1fe99f4|1644806199669
406|3|Tech Content|b26c24d5-b105-55be-b441-f07bab5aa11a|1644806199669
407|3|Audio|e414c49a-a8ac-5edd-8fda-35c11e27dce4|1644806199669
408|1|Design|2cdebead-affe-5b78-ab8f-806fc35af3aa|1644806199669
409|1|Design|452b8125-0888-51a7-9df5-7d6ed9571fd9|1644806199669
410|1|Art|ae8b2ea8-bdbb-5e39-89d9-2bba4f503d92|1644806199669
411|3|Art|5cbc758d-abad-5dce-908a-f3f17a52a730|1644806199669
412|1|Design|7f8f5ec4-14b4-5303-91d6-a58104bf85d8|1644806199669
413|3|Tech Content|7b7a033b-f65b-5534-aa56-b3b78837e903|1644806199669
414|1|Audio|52c1f4db-e35e-529e-ad8b-133d895d2459|1644806199669
415|1|Design|32a349ed-965f-5d5a-88de-104d114bf38e|1644806199669
416|1|Design|56543467-07d7-544d-afce-c10003d73b1b|1644806199669
417|1|Art|f08969d1-91b7-5a19-90ee-ce1142279ca9|1644806199669
418|1|Engineering|63b6349d-53b7-50ad-9a95-9290c0ae7a25|1644806199669
419|2|Art|6bdc8d49-0449-56a6-802f-9bbbce9552cf|1644806199669
420|1|Engineering|a382e51a-0d0e-5a52-9e91-b93a68528360|1644806199669
421|1|Engineering|8b11fa8d-d9cb-57a9-9a11-747ea39ee73f|1644806199669
422|1|Engineering|786c90d2-6e20-5843-9a3a-23513a0bb38a|1644806199669
423|2|Design|88b77c45-058f-515a-a0f1-40c5c42c9962|1644806199669
424|1|Design|bd53fa3d-40aa-5682-9630-c5b90eb81066|1644806199669
425|1|Art|8b36da3f-44ac-5db1-a26c-53c481655982|1644806199669
426|6|Art|6d9a1767-8394-57fc-949d-8ad59a4ddd02|1644806199669
427|8|Art|5a44f3ba-d3f0-5041-9067-04168879e11e|1644806199669
428|3|Design|6c76f340-29c3-598c-8594-7a6c577a121a|1644806199669
429|1|Design|dfd05e22-76b6-58ae-9ced-830fcd198971|1644806199669
430|3|Art|3c687dea-5fe0-5f34-96fa-dbc797a4e3b7|1644806199669
431|1|Engineering|b74ad778-26ce-5e80-a10e-6ccb2d79c26f|1644806199669
432|1|Art|ed4ec228-5eb4-5a5b-97f2-f6e4016d46fc|1644806199669
433|1|Engineering|b5d7a96c-3186-5b37-a053-8914ad0d5880|1644806199669
434|3|Engineering|48b22558-4ec3-5d4c-9836-c2a81f1fb78a|1644806199669
435|1|Engineering|262c7cc8-c30d-5b2a-86bb-1afb0468a3e0|1644806199669
436|2|Tech Content|338626dc-cad6-55af-994f-5a133a9cbf16|1644806199669
437|3|Art|34d0efa6-e04a-533a-8726-42f3f60f8a70|1644806199669
438|2|Tech Content|92f9b389-1a9c-5b69-8d92-e728e3b17850|1644806199669
439|5|Audio|a102e3df-106f-57a4-9e66-22cf73a72463|1644806199669
440|5|Audio|ea057a14-dace-5384-916a-f28f8d658bbf|1644806199669
441|2|Art|dc51d35b-6cea-5df9-bb1b-152e7059b746|1644806199669
442|2|Design|ddbcd0aa-ec0e-5430-94c6-7826369f6235|1644806199669
443|1|Art|1e1b14ad-511e-567e-aebc-e6a2f3fe8e17|1644806199669
444|3|Engineering|5f54fc34-c1dd-5ee1-b135-ef300cdf5873|1644806199669
445|1|Art|2e5b1f8d-7099-5baa-ab58-6f681988e161|1644806199669
446|5|Art|43ca6d84-abda-5b31-ae52-64a46dfddaf4|1644806199669
447|1|Design|c92e22ea-8933-5337-aae2-ebdae24f706e|1644806199669
448|1|Design|91d728fa-800b-5d9a-8a4c-e44bff99ca28|1644806199669
449|2|Audio|e5d7d815-0b78-55b2-b1db-45ea97567086|1644806199669
450|4|Design|9eba2b85-dd3c-53a8-a8bf-3e1f025a1137|1644806199669
451|1|Art|5ea4c5dc-3981-500f-96b8-ef16782c92f1|1644806199669
452|1|Design|dad9dc16-424d-5ddd-a3e3-a5cbe69543a9|1644806199669
453|3|Tech Content|2e5d8149-6141-585e-9cf7-15c1906b74da|1644806199669
454|1|Design|50c005d9-59e3-531f-8688-e1e6e4c3840d|1644806199669
455|1|Art|a1a74dd6-6126-50f0-bb1c-ee692828adc9|1644806199669
456|1|Audio|bec66ecf-340e-5fd0-ae87-dfcb97fdeff0|1644806199669
457|3|Art|ba217897-03d8-557d-956c-d4b0e2e594c0|1644806199669
458|2|Design|6b23ba2a-4140-5b2c-8c17-333a33046300|1644806199669
459|3|Tech Content|d1aed395-e21d-5a08-b0f2-2a20083f1981|1644806199669
460|1|Design|8d8a8e7a-33c7-5c50-af87-a7d9c045374b|1644806199669
461|1|Art|e94af3e3-d707-5169-aa77-31d88a9978f5|1644806199669
462|1|Art|050a762c-cd70-501e-ac03-74f1ba19e6b1|1644806199669
463|4|Audio|0fafe2e1-ff9e-5743-972c-e90c32d01fae|1644806199669
464|3|Art|9544c26d-2717-5367-a08f-37e58bd8441f|1644806199669
465|1|Design|0dd8d6e2-c28a-5e3f-9192-4559d9268168|1644806199669
466|6|Design|5b8aeaee-c904-5e84-a7e7-b131d9d0d64b|1644806199669
467|2|Engineering|da7a2e6f-7da7-58ec-b1be-db3a488f3e56|1644806199669
468|1|Design|033180e5-2d63-55db-b077-8e3b6317e6c8|1644806199669
469|2|Art|2f0f117c-9d13-58a3-a544-7e8fd2fced72|1644806199669
470|1|Engineering|a4237008-e483-55fb-ab4d-3d7c384c05fd|1644806199669
471|2|Design|5dabea35-8817-5f68-8a1b-430222e174e8|1644806199669
472|1|Engineering|4da07774-1278-5fb8-8fc0-f95ef3e3c5db|1644806199669
473|1|Engineering|4130eb28-7568-55a3-bedd-4ce6a2601ea2|1644806199669
474|2|Engineering|159dc68b-95ef-5099-ac22-af50215875b7|1644806199669
475|1|Engineering|37cca94d-1aa8-5c75-ac35-d3b2565283ab|1644806199669
476|2|Engineering|631e25b4-40cb-5a0b-b5f8-d1b50465a933|1644806199669
477|1|Tech Content|15479b55-0d8b-585a-9347-ec151eceebf7|1644806199669
478|1|Animation|15c761b4-8e76-591a-87b3-706baa9bd8b7|1644806199669
479|1|Engineering|7a7f5382-070a-50cf-b4f2-2361c07298f5|1644806199669
480|3|Tech Content|3948cad2-a2e3-5d08-986c-22fe20261f66|1644806199669
481|9|Art|fe47ba49-a725-548d-9079-7d1b83137e6a|1644806199669
482|4|Art|1606d376-be40-512b-afd1-bf54eb9f7925|1644806199669
483|1|Design|d8624432-407a-534d-8802-5e2cf7dd398b|1644806199669
484|4|Art|5d2fc6f3-9205-5cb7-b2f5-b4d87a7f39c4|1644806199669
485|3|Tech Content|480aa275-2296-54f7-bec4-eca74758efcf|1644806199669
486|1|Design|429ad4ac-b347-59d7-91db-30141bceb9e7|1644806199669
487|1|Art|972b6104-b4ab-5469-8adf-9ed6f7ed1132|1644806199669
488|1|Engineering|39b35a05-b8f9-508c-b998-59db77f33184|1644806199669
489|1|Engineering|88df481b-943c-500b-b84f-39067b673298|1644806199669
490|1|Engineering|ae2b97ed-a881-5aad-a463-9135c87a4134|1644806199669
491|1|Engineering|51a711f1-08ad-5014-8d70-c20b01d3a96a|1644806199669
492|2|Engineering|2a82a23f-f1e1-5d94-acd4-488d95140c94|1644806199669
493|1|Engineering|0e33187c-e2d7-577b-8365-683cd8c6f5f7|1644806199669
494|1|Engineering|71b99005-1c24-557a-8b98-2614fb139cfa|1644806199669
495|1|Engineering|26b9653d-f48a-5d66-9334-a0378aa41015|1644806199669
496|5|Engineering|3327641c-88c5-58b8-b1cd-e5ce1b6c3f48|1644806199669
497|1|Engineering|1a3dbc68-604a-5e2c-bac4-6521a0036949|1644806199669
498|1|Design|eb294885-1bff-53b5-a8f3-55a1624b21bf|1644806199669
499|2|Animation|4a9cddcf-71a1-57b6-8148-6ced9b36faee|1644806199669
500|2|Engineering|f236b38b-6485-5930-91bc-ff9d8adf829c|1644806199669
501|1|Engineering|e09b2813-b00d-53d1-ab3d-4d9aaf1aa194|1644806199669
502|1|Design|abd82b95-03ce-5fd1-b70d-8c526a294835|1644806199669
503|1|Engineering|5faeb649-e4de-5a66-beef-5b32b8655443|1644806199669
504|1|Tech Content|a8fe6bfc-ed80-50be-853c-312c67d645ca|1644806199669
505|1|Engineering|ccfa4a21-f318-5cf0-8a30-25959f5d441f|1644806199669
506|1|Engineering|3029fdfd-41a5-56a1-8bd6-c63c7ae5032c|1644806199669
507|3|Art|d05b1210-2509-59ea-9937-49991006f7bc|1644806199669
508|1|Tech Content|c70b2fab-e91c-54bd-ba63-2721a14e7a19|1644806199669
509|1|Art|4bfc5fc5-425b-5a77-a952-f19ce8eb1f7d|1644806199669
510|1|Tech Content|06d399d1-249d-58f4-a4e9-dcff70733f86|1644806199669
511|1|Design|64f728eb-6d8e-5822-a186-73c3a428b237|1644806199669
512|1|Art|d50672b3-6c74-5030-a5c8-01b12b18a26f|1644806199669
513|1|Art|f2243b0c-1f74-5dee-90ac-05eb0597e63b|1644806199669
514|1|Animation|84def49c-4252-5367-976b-13316e3d9789|1644806199669
515|1|Tech Content|ec273758-5915-5c51-9e75-d972288af130|1644806199669
516|1|Engineering|0f5059d1-796d-5782-9e70-c8ae4ddab002|1644806199669
517|1|Engineering|891550c3-c1a0-5d16-8336-6a2f98931207|1644806199669
518|1|Tech Content|31254846-b4cc-5736-bea9-811675df8ef9|1644806199669
519|2|Art|79e51bc8-04f9-5ac1-854b-0aac7731a33b|1644806199669
520|1|Engineering|f2d6f5d4-bdbc-5231-be22-88e9fc93c1c7|1644806199669
521|2|Animation|b59796e6-1684-52cb-8e41-1a80d99a89d2|1644806199669
522|1|Engineering|2af7fa9e-88f0-5966-89b7-7d7266bb2972|1644806199669
523|1|Audio|ea803a8d-8fdb-562b-9da3-2912d3a4cda2|1644806199669
524|1|Animation|4bd97ff3-20ad-5f59-89b8-52e3ba6f56cc|1644806199669
525|1|Art|550487d9-7dc9-51cf-83b8-116fccf3e8d6|1644806199669
526|1|Engineering|6b810cd9-e462-567d-b4e7-fe69b2249bf6|1644806199669
527|1|Design|020f25d1-77b2-59ca-9eba-cf933b89047d|1644806199669
528|2|Engineering|f646813d-0707-5ddd-b68f-5aa995b6ce4f|1644806199669
529|1|Audio|e403b35d-741d-53f9-948d-cd97bae441a3|1644806199669
530|2|Design|01f704c9-cd8b-5782-9539-95e50b9cb735|1644806199669
531|2|Design|e3e9b30c-b1b8-54f8-a315-7c0aaf6b4bda|1644806199669
532|1|Design|ff66d4b7-4e52-5cf5-9c3c-916f24e85bab|1644806199669
533|1|Engineering|43ddc355-dc96-5367-8ed1-20a8c1c3c0c1|1644806199669
534|1|Engineering|7d937037-6562-5ba9-9836-e1a8f8f44007|1644806199669
535|1|Engineering|82f62960-6260-5846-8a05-90787de50260|1644806199669
536|1|Animation|b50ba5a9-ebaa-5bf7-a04c-d42617c79552|1644806199669
537|1|Engineering|7443504f-aa59-5375-b709-cc602ffab826|1644806199669
538|4|Art|135bcd7d-9fbc-5409-980a-d23d30d55610|1644806199669
539|1|Design|b0f17341-8b89-5603-a895-3ec4db70a5e1|1644806199669
540|9|Art|1633095f-fc3d-5e77-8417-bd503032e287|1644806199669
541|7|Tech Content|d5c9514f-c448-54d5-82f1-e7f8c1ac3a91|1644806199669
542|4|Art|0ad09cb4-9cf0-5b4a-ac56-ca90f99ae9c1|1644806199669
543|1|Cinematics|aa092bfa-a899-5bd9-ada6-be124d0e5fa0|1644806199669
544|1|Engineering|9e08ae3b-64d3-5502-a163-5bff1bb07fa9|1644806199669
545|1|Art|13e7c32a-a792-57ae-b39d-1b9164cc3f97|1644806199669
546|2|Engineering|f54562d2-3ed9-54a0-9b9e-b4c8c55e09fe|1644806199669
547|7|Engineering|df571b7c-24b5-5c03-b61f-343013fd19be|1644806199669
548|3|Tech Content|78275893-41f7-5db1-b830-6c15a8095578|1644806199669
549|1|Engineering|9960247d-614f-52a6-873c-f743ef5f022a|1644806199669
550|1|Engineering|7a00ed4c-80bc-52ea-8d13-b6a3e3a3a161|1644806199669
551|2|Engineering|176a4f7d-8811-516a-8afd-991498c4abbf|1644806199669
552|1|Art|64e0b86f-0d64-5471-a4c5-1ed409068da8|1644806199669
553|1|Design|f2468d8b-569e-5e56-b3c7-2e5489c265cc|1644806199669
554|2|Engineering|9021ee7b-dc0c-50a6-9e37-c7e6df76b3fc|1644806199669
555|1|Art|30d17c20-65a2-523b-8c0e-40eb4cdf17ca|1644806199669
556|1|Audio|a3bde8fe-8821-5d88-b0ca-2d6b5a11ffbd|1644806199669
557|1|Engineering|8ac26fc0-0bc3-50d9-9cec-dabeaae71ae5|1644806199669
558|1|Design|e7ac5159-3ba0-5ee9-b9cf-4e8e90865f49|1644806199669
559|1|Engineering|dabf7f89-2bd2-514e-a31f-bac5e23d5c0d|1644806199669
560|1|Art|d69dcd3c-93f9-549f-bcd8-65d8bd80b3ce|1644806199669
561|1|Animation|b546a7d6-b40e-59af-8ef9-20932312d7ac|1644806199669
562|1|Art|78ff316b-9964-574e-8ce6-59f3b7351474|1644806199669
563|1|Art|fb607c54-6029-5c93-b56d-9aa1226cf13f|1644806199669
564|3|Audio|263aa1ff-38f8-533f-930c-8eee2d790607|1644806199669
565|1|Art|e68d5bb5-256d-58f7-9f91-c15ea279fc5e|1644806199669
566|1|Design|7a660e7a-7944-5324-8338-fadaeef474ca|1644806199669
567|3|Tech Content|707a6dab-e3fc-53c0-bd9a-bccb13ec02c0|1644806199669
568|1|Design|c1247816-0c0a-5353-ae9c-e9e8ed7d837f|1644806199669
569|1|Tech Content|cf88a02d-5f56-518f-bc1b-a71679210ff3|1644806199669
570|1|Design|e454ea59-d371-5ffc-b0cc-fc5defe2c9d6|1644806199669
571|1|Art|52a25ec8-63c0-5abf-b814-488488e34c81|1644806199669
572|1|Design|039736f7-3f00-5aee-8274-8187774f0e51|1644806199669
573|1|Art|92cce677-7b89-5a63-9e8e-94ba43476873|1644806199669
574|1|Animation|5a73bd1b-8fbc-55f7-a943-9868032a1042|1644806199669
575|1|Design|8b1f53e1-610d-5c3f-904d-d57441eda148|1644806199669
576|1|Art|2ed0063f-154d-5acb-87aa-fa23b516f573|1644806199669
577|1|Animation|325be490-3b47-56fd-bf43-9f4d80017ca9|1644806199669
578|1|Art|55fe3c16-fe6c-5042-b12f-9a10ce04958c|1644806199669
579|2|Audio|1c3894bd-ff14-5f60-b2bf-fda74c5d23ce|1644806199669
580|3|Art|e0999ac7-9e9d-5e4a-83c1-d920d878873f|1644806199669
581|2|Design|0ae331ac-f4c1-5409-b12e-f38324b38495|1644806199669
582|2|Art|cc8f084d-f5dc-5c23-aa0f-6f69ff834c22|1644806199669
583|1|Design|36b431c5-0ff1-5dc3-bf3d-eed7e253b3eb|1644806199669
584|3|Audio|1a91cf36-14f5-5f21-ba90-00c4635273c5|1644806199669
585|2|Art|243eecc4-db30-552d-bb9a-dfb090e637e3|1644806199669
586|2|Art|ca2fdbc6-d7b0-595a-9c08-90de6020b6ec|1644806199669
587|1|Design|1629c02d-f55d-5979-85aa-ca07a5f5a1b7|1644806199669
588|2|Design|5c33000f-96b2-5722-bef4-416a413e8211|1644806199669
589|1|Art|3112bc8a-9414-5de6-afd7-7fd28c52e2ee|1644806199669
590|2|Art|23e1978d-a0a5-58b1-9aba-cdac835b8714|1644806199669
591|3|Art|03e34589-392c-540c-ac9e-ac599e13fad4|1644806199669
592|1|Engineering|9c46a74f-701c-5cf7-bdc1-5f38210af4b3|1644806199669
593|1|Art|1e6c9f91-4253-5c26-90d5-09f94ad7822a|1644806199669
594|1|Animation|1660b2b9-9cf8-5b5b-bb51-951f909d6fb0|1644806199669
595|1|Engineering|f54085f4-1518-572d-982c-a97b647a2451|1644806199669
596|1|Design|5619bbdf-49c6-539b-8462-53a895c23d2d|1644806199669
597|1|Design|cee67bae-86d4-5cdd-831a-822f35bc3de5|1644806199669
598|2|Art|dd53af70-0648-5e32-a44c-c73c59c31366|1644806199669
599|2|Tech Content|5b464837-65a9-5077-9f65-c42fe9b1abd6|1644806199669
600|3|Engineering|db3baca0-a0ef-54f3-bbf3-73382307843e|1644806199669
601|1|Art|0aaf4e2d-4d52-5d1b-8ea0-0d85c565184c|1644806199669
602|1|Design|30e57312-43d4-5bd2-97d0-a089416e8570|1644806199669
603|3|Animation|a286c966-61eb-5b00-866d-f11e5269ad26|1644806199669
604|5|Audio|9127ab21-abac-5f00-8cdb-34874f696401|1644806199669
605|5|Animation|727a2eb2-dcfa-5405-98be-f957788d679c|1644806199669
606|2|Design|74e1efa5-2749-56bb-b707-2a2ac55f92c5|1644806199669
607|1|Animation|24a3128f-12d8-5e02-94bd-16622ecad2ac|1644806199669
608|2|Engineering|49a06101-caa4-5c3e-b6f8-41806e671afc|1644806199669
609|3|Art|b0d70cdf-2460-55be-8810-215ed44e5eb9|1644806199669
610|2|Tech Content|ac0b69c5-f56a-5f51-9d61-767c497bbcfe|1644806199669
611|5|Engineering|0c7667b1-170e-5788-b031-3cdadb8a6aff|1644806199669
612|5|Engineering|d211ad3f-2e3e-5cc0-9cfd-05c28c1c5a57|1644806199669
613|1|Art|3d98d82f-2c03-5053-86f8-a2294b946015|1644806199669
614|1|Tech Content|bb41409e-6d7c-5fc8-a80f-af9056938bae|1644806199669
615|1|Tech Content|732a4b7c-e2cf-50b0-ad35-c73b81da2414|1644806199669
616|1|Art|efc3c7bc-8df5-5649-8d54-59db6243cb4f|1644806199669
617|1|Tech Content|64942b70-464d-520e-aa8d-d187a7f33067|1644806199669
618|1|Art|a3885308-8350-5e00-ae74-56c74a1057ba|1644806199669
619|6|Audio|503c607b-1798-5d38-b973-d5f490957734|1644806199669
620|1|Art|e7d6740a-32dc-5f37-a97a-5bada2efa821|1644806199669
621|7|Art|1ccc1a0f-b260-5706-ac10-ec3dfb08e1ba|1644806199669
622|1|Engineering|dcb57fcc-e6f0-5568-9a2e-dc92ade755b2|1644806199669
623|1|Design|f65a8ba2-1c4a-595a-84df-d7b8c3b30e45|1644806199669
624|4|Design|2f9c0974-e22d-5c29-a339-a64d02dece0b|1644806199669
625|14|Art|74c1c03d-8ef9-5ece-8db5-6e9944a12427|1644806199669
626|2|Design|e02c9dc5-59e2-5e03-b8ec-c37b154e1036|1644806199669
627|1|Art|c56c38b0-e99e-5704-8a78-2a5c53119930|1644806199669
628|1|Engineering|c4c9ac8c-a384-5395-af86-495f8b330459|1644806199669
629|4|Engineering|13709285-a13a-5d5c-b527-7b40083870f2|1644806199669
630|1|Engineering|8caa7718-8b89-5a02-b14d-9a4683f0fcc0|1644806199669
631|2|Engineering|6f444648-3f57-5be6-ac4b-5e6ec82091f9|1644806199669
632|1|Engineering|41285032-d2d8-5a2d-8f63-66551fe7da38|1644806199669
633|2|Art|3ff3379a-99ee-5456-a639-8a66c6379a7f|1644806199669
634|1|Design|c0c33108-f463-5759-b75c-a0490ed2511c|1644806199669
635|1|Tech Content|e37f4ccb-09c1-5a2a-9e50-f1dba0127712|1644806199669
636|2|Design|bdccc8a3-89c9-53d8-89ec-231c108e9ad1|1644806199669
637|2|Design|019a0d13-6b08-504c-96c4-f5dbd96c9dae|1644806199669
638|1|Tech Content|adc2a67d-ed72-5e20-b505-19800f9a24f1|1644806199669
639|1|Art|a149aba4-e891-5e95-8769-f7a04b53bd92|1644806199669
640|1|Art|15b988b3-494e-5290-ab70-5673f3785b76|1644806199669
641|1|Engineering|de99db63-fa68-56b3-9536-390fa7369176|1644806199669
642|1|Engineering|54729298-f5ca-5a04-ab34-0b81a6dd0fe2|1644806199669
643|1|Engineering|3838511e-b27d-5273-aa74-595ad3ec462f|1644806199669
644|1|Engineering|f8d4e291-efdb-5122-9783-ee0a177674ee|1644806199669
645|1|Engineering|3fd21de6-6eeb-5f51-9227-bb1e293f88eb|1644806199669
646|1|Art|d8cc707d-8269-528a-b231-6e9fe67971f2|1644806199669
647|2|Art|6fa2aaab-0d11-51de-9660-4b5b020ccf6b|1644806199669
648|1|Design|6b69813d-e756-59db-8df6-45b33bebcd28|1644806199669
649|4|Art|695f0540-2b38-5352-8c67-e5989abb76ac|1644806199669
650|1|Design|273ec2df-8a1f-5f30-ad6e-6e4d30bdbd84|1644806199669
651|1|Art|d5b34821-f098-5655-9f51-d48e286c75a9|1644806199669
652|1|Engineering|4cd478e9-218f-5bb9-aca9-102435fa4f84|1644806199669
653|1|Design|8771fb11-309d-5443-b208-ce390905597f|1644806199669
654|7|Engineering|a88a9153-c72a-5d6c-a0ff-0c1d8bf24cea|1644806199669
655|2|Art|bd0ea939-8eb8-52cd-b829-5f841bd5e99f|1644806199669
656|1|Art|8929e7c8-2ee7-5dce-89a3-3e314f2257d1|1644806199669
657|1|Engineering|cca214db-45d7-5106-932e-127d294143f7|1644806199669
658|1|Design|a584c975-6eb8-51d1-85ae-46f26ff1bc0f|1644806199669
659|1|Engineering|462ba49b-038c-59cd-a787-3bc78046c90d|1644806199669
660|1|Design|0d320e04-b778-561b-8fd1-5bd6f4a322ef|1644806199669
661|1|Animation|e4ab9134-54e4-54c8-a74f-be7d91c7e695|1644806199669
662|1|Art|d4b7bbcd-6e24-54f8-8274-83fa1efa1a63|1644806199669
663|1|Engineering|96f80e87-5229-5e59-9bcd-b020a10f9573|1644806199669
664|1|Engineering|ae92897e-ceda-5ec5-94e0-a386e4b20a7d|1644806199669
665|1|Engineering|fe9fc5fe-2d4c-5a53-8758-3199e07a6d6a|1644806199669
666|7|Art|ec8f97d0-8d0d-5c8b-a803-8023d56d243b|1644806199669
667|1|Art|60f0d3ad-6952-5208-bbc4-d6e1cb526015|1644806199669
668|1|Tech Content|c1610734-3a39-5e0b-b035-f9228495c8f2|1644806199669
669|1|Engineering|9d0febb9-86ab-598e-8a5b-64d65c79adfc|1644806199669
670|1|Art|c2bbbdb4-70c8-5428-a15b-8223f9adaae7|1644806199669
671|1|Design|c47e56a5-b802-5279-b584-333517128e24|1644806199669
672|1|Engineering|22c81a40-042d-5da1-90eb-d946b2b80907|1644806199669
673|1|Design|56a2f35a-51cc-5a41-b833-1147ead18777|1644806199669
674|2|Engineering|df050a6f-ce0c-5810-9033-3fffe5656258|1644806199669
675|7|Engineering|5c9a1e15-b22d-5a8f-bfb3-2169177a0286|1644806199669
676|2|Engineering|8209676d-1674-58f7-8717-9e07b01a0230|1644806199669
677|1|Engineering|7491a304-f11d-5246-896e-3119a7fc6c47|1644806199669
678|1|Engineering|b5af817d-4720-5963-ae86-8eccf14f40ec|1644806199669
679|2|Tech Content|93fc1edc-b4b3-5f0a-89c5-cb4891efb36c|1644806199669
680|1|Tech Content|8a15dfba-7aaf-5346-97e7-5399e5a405d0|1644806199669
681|1|Engineering|55402e00-c5ad-5e06-a50e-967528e272d9|1644806199669
682|2|Design|d3073f56-17e2-5b8d-b342-6d2cad282785|1644806199669
683|1|Design|8fe63532-58e6-5512-b1c9-6f11c810c0bf|1644806199669
684|1|Design|649fd155-a00f-599a-81a5-9f12b4990225|1644806199669
685|1|Tech Content|3a207323-b64a-5cbc-95e0-b8d25b49a179|1644806199669
686|1|Art|dd540da0-a6bf-5ff3-ae58-8477a287b20c|1644806199669
687|1|Design|df7f701c-7447-52ce-af81-4c9a1914dd64|1644806199669
688|1|Engineering|0d18597e-9ed9-54cd-ab01-d5fc63928630|1644806199669
689|1|Tech Content|ebaa6361-8bf3-5d4f-95a8-7bcd5923dedc|1644806199669
690|2|Art|d884aba3-5111-5343-bf16-46029b1db889|1644806199669
691|3|Audio|894794ee-5d7c-5446-892a-e6837860dd93|1644806199669
692|7|Art|6ba4c5b3-0738-57b1-8dc2-81bca69ff334|1644806199669
693|1|Design|2bf6a437-d93d-5919-b5eb-75e910222e0f|1644806199669
694|1|Art|99eeb3b8-b3e6-5d8f-89e0-ebbdfb5edd03|1644806199669
695|1|Tech Content|6bb93c26-98dc-546a-afc2-70733e5cd43b|1644806199669
696|1|Art|2d486751-1a19-52dd-a291-fa7c41ca4424|1644806199669
697|1|Animation|2df14fb1-fe25-5454-8d52-87987e652c12|1644806199669
698|1|Tech Content|a46c2b21-e83e-58b8-ae8a-a9b540f2171e|1644806199669
699|1|Art|7734fce8-68a6-505d-99be-e60180ce6179|1644806199669
700|2|Art|79e54df0-d476-5232-a5ff-5e70606262f6|1644806199669
701|1|Tech Content|4ea7696f-eaa7-5549-a883-9b7455f94640|1644806199669
702|2|Engineering|b9f50d1a-9610-5673-ac5b-6314c4613340|1644806199669
703|2|Art|1b6c8115-2519-5fe3-bed1-389ef38f78c6|1644806199669
704|1|Design|df01a257-13c1-5c02-b765-4d30af6d856f|1644806199669
705|2|Engineering|bcddf9da-6dd3-5ab0-b3c7-16390fcf93af|1644806199669
706|2|Tech Content|2496e6aa-b05d-5ccc-ae73-41380ef5be8b|1644806199669
707|5|Tech Content|cb86a669-91e4-5bb8-b49f-d05a361ddaee|1644806199669
708|2|Art|db609242-2752-54d3-a321-d84e8b160545|1644806199669
709|1|Tech Content|0eb9780a-21d1-59cb-8faf-039e4f97bbcd|1644806199669
710|1|Art|d48d5ae5-6412-58bf-b20d-a502e3ee12ec|1644806199669
711|3|Tech Content|7c93659d-1024-5b61-8e20-ae29341e5733|1644806199669
712|6|Engineering|f94ce570-8ff3-5a40-b295-b82612809d65|1644806199669
713|1|Engineering|44bf9153-9383-50fd-ac6a-823a444387dc|1644806199669
714|1|Art|a02b12b5-4c29-5cc7-866b-cefd4f37e7e1|1644806199669
715|1|Animation|7867f6ee-3cab-574c-b96c-2fd09bd84558|1644806199669
716|1|Engineering|7119a63c-ec3f-5397-985c-be333557184b|1644806199669
717|1|Design|f8282f54-d350-5626-a3f2-e52a24a13a49|1644806199669
718|1|Animation|c7d72c3a-1774-50a1-9b1a-96570ae9087f|1644806199669
719|1|Tech Content|519ed2e2-a1b8-5301-9689-34b4fd32169d|1644806199669
720|2|Engineering|0d88f707-f32b-58a6-abf3-22ae549fa481|1644806199669
721|1|Design|42405056-b206-55fc-80be-997c3d3a4528|1644806199669
722|1|Art|4c0d0564-0dcb-5b61-8a5d-b105532bd13a|1644806199669
723|1|Art|17ee33ec-2ce7-53e5-9697-b621960fe272|1644806199669
724|1|Animation|d4f16031-6c09-577c-b7c9-cb0cabceb3d8|1644806199669
725|1|Art|ffa5bace-fa66-5ec8-abca-ec7496ae0df5|1644806199669
726|3|Audio|f99b531f-41b5-503c-8e82-7291dd2151f0|1644806199669
727|1|Design|2f40a30d-f034-5557-bab8-bb75d221646f|1644806199669
728|4|Art|89ac186b-0897-5058-8b8e-13ac9dbd729d|1644806199669
729|1|Design|07d90443-27d0-59b8-aa09-3d9f168f3da1|1644806199669
730|3|Tech Content|c090046c-448d-532c-b64e-9e6b43cb8042|1644806199669
731|1|Design|89a665b2-d27a-503a-8759-e25af896350b|1644806199669
732|1|Engineering|51b60d70-b8e1-5ec7-a060-125a5ac4aa04|1644806199669
733|1|Art|1fc83758-0f14-5cee-885b-24f64ba469cd|1644806199669
734|1|Audio|eeec8693-5891-59df-bf39-fb7b62fd2109|1644806199669
735|2|Design|72ec08c2-40bf-540a-b9fa-73a3a6478762|1644806199669
736|1|Engineering|aac32721-66e5-5c24-8ccc-70ca3540188b|1644806199669
737|1|Design|35f0b10f-0e16-5e29-9cc6-59fcf3b6a0e0|1644806199669
738|6|Art|232d37a6-b5e2-5d04-9dd9-37d4ca764cdb|1644806199669
739|1|Tech Content|48751730-c451-5882-b456-4b98d67e0e36|1644806199669
740|1|Design|fccfb804-f6b0-5f7a-9883-621345cf49be|1644806199669
741|2|Engineering|43de0bfe-444d-57f1-9244-6813d4f0c897|1644806199669
742|2|Engineering|f10ddaa7-e98b-508c-b2bb-523ed22afb29|1644806199669
743|1|Design|dc1154c0-0879-5d9a-b1a9-cc9a444359b4|1644806199669
744|1|Art|1bf092bb-ebc9-5abf-adac-52d19bf60860|1644806199669
745|1|Art|f0a23254-6de3-536b-9e7a-f02a9782a405|1644806199669
746|1|Design|d95da6aa-675e-59e6-8360-72f77988632f|1644806199669
747|2|Art|627f1070-1967-5461-b1e9-0fbd627cfbfd|1644806199669
748|2|Design|2635458f-1014-5b5e-b7e5-45a0c63ad31c|1644806199669
749|3|Animation|f3beeb59-ef22-5639-adb7-7b592f48a4d9|1644806199669
750|2|Engineering|85adf588-bfc1-52df-bbb3-f76902bc20b1|1644806199669
751|1|Art|69ff21c5-ddaa-5624-8fad-59186dcbf3bb|1644806199669
752|5|Engineering|acf77afc-66f1-5977-95f2-e760a1ff3528|1644806199669
753|2|Tech Content|b41a79c4-7553-5dd8-8cd3-9ca53304e80c|1644806199669
754|2|Animation|7c783940-3601-5410-a033-a41f76b7a304|1644806199669
755|1|Design|fc8317d0-ae9c-545c-bd3b-9dacc3cea09e|1644806199669
756|1|Design|3dbaceb7-59c2-53c1-97c9-8f8fc79f2235|1644806199669
757|2|Engineering|0c6316fb-6811-53ea-844b-6899e3d69d86|1644806199669
758|1|Tech Content|20c53edf-d297-5c81-b83a-2889151d7d07|1644806199669
759|4|Audio|f122cb28-41bb-56a9-8daf-40016cbb4f83|1644806199669
760|2|Tech Content|01fa3b42-ebbf-598a-aed8-69dee3d11d79|1644806199669
761|2|Engineering|d2181f69-30b9-5d5d-a252-6ed4b2d1b8fe|1644806199669
762|1|Design|15727442-7351-570a-9864-1b23c149f100|1644806199669
763|3|Art|9205cfb2-fa25-55be-b837-cf5e6abde70a|1644806199669
764|2|Engineering|b8d10f57-98a1-583d-b430-5dd9a23c1fae|1644806199669
765|2|Engineering|b0e12618-6341-5149-9371-ad736ce95fe4|1644806199669
766|1|Tech Content|0ff1143e-7041-597a-81fa-0cab1ff0196b|1644806199669
767|1|Tech Content|aa7b816e-e659-597f-afae-dfbccd4ec445|1644806199669
768|1|Engineering|bee70636-79da-5b53-84b8-8f5229b22768|1644806199669
769|7|Art|c80c9eb1-3689-573a-b087-4fcab917eea0|1644806199669
770|2|Design|76472391-3c6d-57c6-ba0a-813cb9a1794d|1644806199669
771|3|Engineering|d955d190-2d10-5bb1-8c6e-2a1573d585e2|1644806199669
772|4|Design|f5e84a04-c95e-5441-8453-1a45a756b3df|1644806199669
773|1|Engineering|7f80a4be-a0ba-5106-9745-35b0ca8d006d|1644806199669
774|1|Design|26a03061-dc20-5a32-b644-bf7324643351|1644806199669
775|2|Engineering|f601a7be-866d-53fb-a595-f528fa904d20|1644806199669
776|8|Art|75ff80e0-b65b-59d7-85d4-b042689ac71a|1644806199669
777|3|Engineering|77b13078-a53b-5082-993d-9c15ca6a756a|1644806199669
778|11|Art|0c0d446e-122a-5723-bd94-eb8678f296e4|1644806199669
779|2|Tech Content|a65c08f3-349a-584b-87df-56d8f7471081|1644806199669
780|3|Art|26a925e3-37aa-549e-a196-b8b36b63c705|1644806199669
781|2|Engineering|259ddc13-abaf-5b8f-b516-09b513869c39|1644806199669
782|3|Engineering|baa5c028-d6e0-5786-919c-86fa1156ee39|1644806199669
783|1|Design|8bb35835-1233-5395-94e5-eead80604e17|1644806199669
784|3|Tech Content|6efcb219-d694-59c9-bbc4-f1fc5872aef3|1644806199669
785|2|Engineering|361bf34d-e055-5d9c-ae0b-d5fc959f43cb|1644806199669
786|2|Art|bfcad33d-29d2-5dfe-9e4d-be7483949d82|1644806199669
787|1|Design|b06745fa-72fd-5b35-a2b3-fe6257e55ab6|1644806199669
788|1|Engineering|6a4396ff-21a9-5876-aa88-74d7ddfb095d|1644806199669
789|1|Design|1142ed9d-dbec-51a3-aed4-8e2ff042797c|1644806199669
790|5|Art|bf6ac8be-3b84-522f-9058-0e1d7b163fdf|1644806199669
791|4|Design|72ac97a3-6879-50c7-84a5-285a18ce524f|1644806199669
792|1|Tech Content|6f366598-08bd-51df-949a-cef823dfc818|1644806199669
793|4|Design|57241c19-3a60-597a-b867-38d644d43cc8|1644806199669
794|1|Engineering|b4ca8986-b2cf-5464-94af-0ea4941eb2a3|1644806199669
795|7|Engineering|8874ede2-4918-5066-a2dc-92d4180e5a11|1644806199669
796|2|Design|65251efa-7c71-5b5a-b667-d7512ddcdd8d|1644806199669
797|3|Engineering|ccb4e387-6079-528a-8a09-5c349d6f2125|1644806199669
798|8|Art|64a09c4b-8eb7-5173-8ad0-42b9c7374d4f|1644806199669
799|2|Engineering|11187fa9-b7a6-5d6b-aedb-197b90de85e8|1644806199669
800|2|Tech Content|8417599b-6c18-576f-b5f5-11f7a1a9f993|1644806199669
801|3|Art|386bfa60-ed46-59b4-9cb6-f0dcf4a10971|1644806199669
802|1|Animation|7ec88b94-4f80-5ab7-bc2e-b9f0ad5a2aa7|1644806199669
803|5|Design|dbd7db70-67be-5fd7-8047-f2786931dd8c|1644806199669
804|1|Engineering|47c2e630-18f1-5eb3-8ab4-579b1e95f774|1644806199669
805|1|Engineering|a2e1ee0b-6b3c-5725-8318-0b8399afe8e4|1644806199669
806|3|Audio|8ccec434-981e-5850-be46-e5af1efd083a|1644806199669
807|1|Engineering|24d5b3fc-0f68-5772-8ec1-694041b57166|1644806199669
808|1|Audio|b88ff4b1-4a84-5c26-8189-036ecabbd4f1|1644806199669
809|1|Design|14c5ad7c-9916-50bd-a689-fd3ef1bac9b9|1644806199669
810|2|Engineering|8beddebb-e83c-57e1-a6d2-8e30df5fbcbc|1644806199669
811|1|Art|1d657268-7746-5801-95c2-a028b0216bb1|1644806199669
812|1|Audio|26c0ded8-b6b8-595c-b512-a001f056f0d6|1644806199669
813|1|Art|9d1f890b-a6e2-5085-82e6-f9ca4d6a4880|1644806199669
814|2|Art|6fb0e35f-3039-5f61-b1d9-eb926e7c9944|1644806199669
815|1|Engineering|c2fbc397-ba3c-51a7-9463-19c8e089dfdd|1644806199669
816|1|Animation|2051e7fe-395e-5df2-97d3-af1429063549|1644806199669
817|1|Audio|63ecfd3b-3517-5d6f-8eb5-3c84aef55a96|1644806199669
818|1|Animation|569a0504-7733-5037-ba33-793b9f44eb8e|1644806199669
819|1|Art|1b284148-ef09-5e23-ada4-4db416513ead|1644806199669
820|1|Engineering|d3dd8bd6-59b2-5180-8b92-b18fd771b4bd|1644806199669
821|1|Audio|80e986fc-02fe-589c-a22c-ba2e754bd98e|1644806199669
822|1|Design|b9024b7a-0a8c-5d29-b937-2e9c908112a9|1644806199669
823|1|Art|73d553ac-55b6-571e-9b64-e1cc19e90ac8|1644806199669
824|1|Art|bfb5889c-d2e8-59e4-aaa4-8729d921cd6f|1644806199669
825|2|Art|2b7c041c-7bc9-5625-a7e2-db665e001f5d|1644806199669
826|1|Animation|3e1db27e-ec35-5dd1-bf5b-eb9b19f14175|1644806199669
827|1|Engineering|cb98057c-5c27-5f1d-8439-309645853e19|1644806199669
828|1|Art|a47cbe0f-e2c8-5646-93df-2920b3d2a1d0|1644806199669
829|1|Audio|a5fb857e-2f9e-529b-ac55-eadc3f092289|1644806199669
830|1|Art|2e5cc08e-3756-55cd-9041-5b1fed35c14a|1644806199669
831|11|Art|334fc963-9670-54eb-b38f-ef0657877573|1644806199669
832|1|Art|51cca9d0-bdab-5888-b405-8211b9051d58|1644806199669
833|1|Engineering|a6fef39a-c1f4-5298-8cd9-c5e02a8a02d8|1644806199669
834|1|Design|2da9acb8-ff75-57d4-aa84-03178c247ca0|1644806199669
835|2|Engineering|1cb86cba-461a-5e88-af46-de56bd9ee223|1644806199669
836|1|Engineering|f096f181-4e95-542d-9d6e-72dcbe1f4162|1644806199669
837|1|Art|b87519da-1fd5-5cee-9811-7ddc92fcdd7c|1644806199669
838|1|Design|baef5a7d-6e9c-5c4a-afd8-3250490548cb|1644806199669
839|2|Engineering|8c82c313-a226-5eb7-97d4-3403de7e8d58|1644806199669
840|1|Engineering|0709e049-4dab-5b0f-b6c9-72914eb21bf1|1644806199669
841|1|Art|a5a18b95-4a56-530a-a7fc-055b838f5aba|1644806199669
842|4|Art|096efaec-d0dc-599e-b56d-ed9ecd77d8a5|1644806199669
843|8|Audio|ebf3ed2d-a646-5c63-b4b2-61a8cfa798c9|1644806199669
844|1|Design|2fa3e305-853c-512b-b517-6ff381f8b67c|1644806199669
845|3|Art|61dedd8f-1bac-5bb0-9603-412a14843b4a|1644806199669
846|1|Design|34ebf8df-0f66-564a-96e4-217278831d96|1644806199669
847|1|Design|59bc47e4-2ac7-5eb6-96f8-759a6a79371c|1644806199669
848|1|Art|4af93587-a0ac-5d22-ae93-ad5a8b3646ea|1644806199669
849|1|Art|ac3c0c57-e700-522c-a60a-8d7563d98760|1644806199669
850|1|Design|4df23d2d-3304-57e5-8d02-4d3d6265eabb|1644806199669
851|1|Design|844e4c57-b121-5529-99f9-7cc06ab4bb6f|1644806199669
852|1|Art|db80cf45-ca23-55d8-9fa8-5c76f3e67f64|1644806199669
853|1|Design|525e3974-44f5-5e42-abea-2b6539f3da3b|1644806199669
854|1|Audio|8a77face-60f6-582a-b4d1-d1363c0b21e3|1644806199669
855|5|Art|507b605a-6fb4-5f17-87a4-de0a07f3d116|1644806199669
856|6|Art|06ebe6ac-2b46-5449-8814-e5f966ca4fda|1644806199669
857|2|Tech Content|31381899-5af2-5bc1-a82f-3813b53787c8|1644806199669
858|1|Tech Content|7673d384-bd20-5f3d-8f0a-37fc90bae0f6|1644806199669
859|1|Tech Content|07af7097-703d-51fa-80bf-9240fe3f1cf5|1644806199669
860|1|Tech Content|8f8c26e6-bfbe-53c9-a154-a2f0d7be7ef4|1644806199669
861|11|Audio|a55156fd-ad9a-5119-9e95-6891abed7ff4|1644806199669
862|1|Art|bf42203d-6517-5e7f-863a-4ffa3b3285c5|1644806199669
863|12|Art|5dc10da5-8e3b-5156-9bfb-bce559c0cf55|1644806199669
864|3|Design|7fa2303e-f299-54a4-8c71-ac6a65022094|1644806199669
865|6|Art|265e0acf-3d2f-54b1-98f8-00a56231e45d|1644806199669
866|2|Art|58b3d89f-9899-5834-9a4e-8e23710e81a9|1644806199669
867|2|Design|5cfd5667-fb9b-5e6f-8cf1-397ce4a2931b|1644806199669
868|2|Art|fb91c7a3-cfb7-505b-92eb-831474082dbe|1644806199669
869|2|Art|752539eb-1e44-589e-b14b-80dd658d2cd4|1644806199669
870|4|Audio|9af42f92-4de3-5fad-8652-dc643e852dc5|1644806199669
871|2|Tech Content|4ed22c5a-2e87-5778-8770-8efe0394341b|1644806199669
872|3|Art|1c2decbf-52b4-5a05-acd8-6dfb83350484|1644806199669
873|3|Art|d7175478-ff75-5b54-a6aa-f4335df7aa70|1644806199669
874|1|Design|428ac806-b620-5d1c-94d7-c1422ca4b316|1644806199669
875|5|Art|0cc139dd-ae51-53b1-bb51-a6a99b5a9a38|1644806199669
876|1|Design|4aa25e52-5290-5977-a673-b72c410dd116|1644806199669
877|1|Art|e5adc311-ebf7-5090-bfaa-09c52f81c55b|1644806199669
878|1|Tech Content|6b2a03de-feea-5772-9c94-e0c5ea3ee79d|1644806199669
879|1|Design|f4506871-3265-542b-89b4-5b1d8a4452bb|1644806199669
880|2|Art|150364d3-7524-5124-9bc6-118c9ec9779b|1644806199669
881|1|Design|37e7108f-5cd5-50bd-a85a-bd9ab6a2fd3c|1644806199669
882|2|Audio|bf1eae32-ffb3-5bf9-9932-4cf563702056|1644806199669
883|9|Art|f4c72bcb-2293-5741-9a56-7f813c1f1961|1644806199669
884|4|Design|5b0fcc39-fbdb-5f90-8eb4-3cf735034f75|1644806199669
885|5|Art|37430972-2617-55f1-921b-4b2328c2358e|1644806199669
886|2|Design|4c05d79c-a734-5617-90b8-d69050ba27ec|1644806199669
887|1|Art|4034d027-15aa-559f-a9d8-95008bc51e93|1644806199669
888|11|Art|19354257-46e6-57d5-b90b-cd0ff2b520eb|1644806199669
889|1|Tech Content|723f2e15-0d21-50f5-afc1-981668abd528|1644806199669
890|4|Design|3fc19f6b-51ec-5902-995d-f437f78be394|1644806199669
891|8|Art|21ed494b-ef55-5960-88c6-921192a2ffc2|1644806199669
892|1|Design|1c58678f-9144-5c49-9be8-4b06dc7b8615|1644806199669
893|1|Engineering|1fa2a35f-762e-50bf-b2b3-d5588ba2e726|1644806199669
894|3|Design|e39bf586-e638-5649-8e90-22abb446f09e|1644806199669
895|3|Engineering|9c5c3da7-e1d1-581a-9c6e-bf1dc607a668|1644806199669
896|2|Art|afeb06bc-4ea8-5e19-b0ab-2724270007c8|1644806199669
897|1|Engineering|783cacce-e33e-51d3-a5ee-e86a66b33e04|1644806199669
898|1|Engineering|c88535f2-04d4-58fc-8d22-709a1801aade|1644806199669
899|1|Engineering|125a7c6e-c5ea-5243-a680-1747cb7469b9|1644806199669
900|1|Audio|ca646955-d7da-51e3-9fbb-b6bc401780ae|1644806199669
901|1|Engineering|2107e039-2a90-50ec-bcec-d6423a6a261e|1644806199669
902|1|Engineering|cc7a442a-cce0-5cfb-948b-926092d0ad7a|1644806199669
903|10|Engineering|d9beb717-c37e-5c22-9485-f0b18047b81a|1644806199669
904|1|Design|04411335-5944-585f-832b-963ff5b8962b|1644806199669
905|3|Engineering|e9db6336-33fc-5929-bc98-41a59d893ca3|1644806199669
906|9|Engineering|acf19c05-ba67-557b-8fca-a8e06879ef3d|1644806199669
907|4|Engineering|17bcd3eb-706d-5253-b8d9-5f8a2232e8b4|1644806199669
908|2|Engineering|c6022d7e-38d7-50e0-9417-f7bcc20ac8b6|1644806199669
909|2|Engineering|8516960b-74bc-54db-8d78-ed37574e0695|1644806199669
910|1|Engineering|8332e4db-d0f3-5c66-a2b7-ae02a1650ebc|1644806199669
911|4|Engineering|61c27410-5b2c-59a0-a666-ef73bf6def37|1644806199669
912|1|Engineering|47bc299f-ba9a-5c72-aa1f-92ff4bab94f5|1644806199669
913|1|Design|8e439b98-7bfd-596b-a666-325cf59836c8|1644806199669
914|1|Animation|8d8e7204-523a-51ac-9f40-88827481be21|1644806199669
915|1|Engineering|1c31d292-d69a-5bc6-a5b2-a7f23a0600dd|1644806199669
916|1|Design|f4a80360-7a0f-5497-aabb-e6a5376ee1ad|1644806199669
917|1|Audio|896fd67e-e9c1-55f5-b38b-341670138a39|1644806199669
918|2|Tech Content|bad47736-5775-53e1-a0f6-a856d1bea7ff|1644806199669
919|2|Design|12e31d04-df59-5be3-93a8-affd258b5c76|1644806199669
920|1|Engineering|0e557e4b-3a4f-59c9-a60f-131f0746de91|1644806199669
921|3|Engineering|c2f07e0d-f751-56c3-84f1-722735377cf1|1644806199669
922|1|Engineering|98e519b6-82f6-5261-bf10-8d41c76bac60|1644806199669
923|1|Engineering|7d4cc200-1219-5a49-969f-ee33eff15f36|1644806199669
924|2|Engineering|e5ea0b2d-991b-59ef-8f97-b5258ae5b1da|1644806199669
925|1|Engineering|4e4e5b7d-3916-5d26-b68f-eea921801d8c|1644806199669
926|1|Engineering|a60b3512-5057-54b8-8c35-9c5fc8700b91|1644806199669
927|1|Engineering|1d1b9b7d-1535-553e-8db0-e2638fb5c500|1644806199669
928|1|Art|1fd0e048-d2d3-5ca8-b47a-141ef2e80121|1644806199669
929|1|Animation|740ceaad-6fb4-5b79-9d3e-65dfc4f0f92d|1644806199669
930|2|Engineering|d257bf17-7238-557b-8c4f-8d8240b5ebcd|1644806199669
931|1|Design|c91650d1-72c9-5d1b-8c98-d77e65b5fbc9|1644806199669
932|1|Engineering|cf402f74-c2f7-50fc-a495-f42c74c0e399|1644806199669
933|1|Art|fffe9b9b-23df-5f17-b4ea-60436d951540|1644806199669
934|1|Design|07766ff7-a986-5afc-bca0-ba321b2cf9b5|1644806199669
935|1|Tech Content|0517af24-5ac0-595c-a49d-523c881d3ce7|1644806199669
936|1|Animation|894a510d-4f66-56b7-ae04-e89a06a52113|1644806199669
937|1|Design|a6c39b59-bc4f-5bce-91b8-6ee14dbd0914|1644806199669
938|1|Engineering|eb89d622-bed6-57e0-9bac-4528d0b1b862|1644806199669
939|2|Engineering|88ff436a-31d8-5f1c-9464-3b6a4eb6f95d|1644806199669
940|1|Engineering|7a9e5772-cbb4-58df-b7d0-57b9e9a1eba2|1644806199669
941|1|Engineering|e336ad8c-f53c-5c3e-99b8-11bb1dc8ddc6|1644806199669
942|1|Engineering|5afb057d-3d49-5a3b-8d68-f196cf18ae1d|1644806199669
943|1|Engineering|76f21949-9ee6-5b29-a194-4ad758a2acec|1644806199669
944|1|Engineering|9850d17a-3e73-5164-8ffe-75b707901d66|1644806199669
945|1|Design|518ea195-d9d9-5000-82cc-d091298e23a6|1644806199669
946|1|Animation|d5b52130-7c5a-5ddb-aa84-b3dcd9a59be5|1644806199669
947|1|Art|64158a0b-0352-5f48-a3e2-e185bcbba93f|1644806199669
948|1|Design|ae68e197-ef3d-5865-ad25-90309125b868|1644806199669
949|12|Art|cd491932-a9b6-5636-b27a-c623b0ab04a7|1644806199669
950|3|Design|6bdac32a-b4a0-5264-94db-93933169fe9c|1644806199669
951|3|Art|61145bfd-bfec-5134-8d3b-3d190154291f|1644806199669
952|7|Art|f196389b-8459-5332-9700-a26be2162dc0|1644806199669
953|2|Design|a7488109-9596-5552-a960-8a4235320ba6|1644806199669
954|10|Art|a973873e-ddf0-55a5-9cbe-85e752a19267|1644806199669
955|1|Tech Content|cb032732-8ac1-5112-b145-9f1c0b71224f|1644806199669
956|1|Art|44ef1113-694d-5efc-93bd-d0649e805e3d|1644806199669
957|2|Art|f99189de-ab1a-504f-9fb2-e027a0e54623|1644806199669
958|2|Audio|6b44d548-e793-50de-bcfd-a4a65eb73d14|1644806199669
959|5|Art|ab85c8db-72d4-5966-b4aa-60e654cfb19f|1644806199669
960|1|Tech Content|6eef3c07-b798-5a5b-a8cb-672df4021bba|1644806199669
961|1|Design|a062fb64-61ff-5554-8d9b-7566828aea50|1644806199669
962|1|Art|e955fa6b-ffc6-5b0c-9e6c-5506ddfcc651|1644806199669
963|1|Art|8d661ef8-3127-5ba7-ad99-130091514d43|1644806199669
964|4|Design|c67deb9b-65cd-594a-850a-9e255ded0738|1644806199669
965|3|Design|13302fdd-914c-58b4-9baa-adb30cb53444|1644806199669
966|5|Art|c5f27921-36eb-5dd7-975f-f355b6a62c60|1644806199669
967|1|Design|1e275764-6f01-5a08-b2dd-4e4d69a2d274|1644806199669
968|2|Art|7f2ce1a2-46a0-53b2-89a0-b436cf7202c9|1644806199669
969|5|Engineering|a4626088-ec00-548a-982d-f5fcacf9f111|1644806199669
970|1|Design|09cfe7ba-253d-5204-80f0-63f82d0fa4f5|1644806199669
971|1|Engineering|cb6ce852-ef97-5111-a862-be993e2b13ac|1644806199669
972|1|Design|a7dbe8d2-5e73-5dbf-92cc-a67eb202f759|1644806199669
973|1|Design|005e6455-23eb-598f-a6a8-aa6a0eaa1725|1644806199669
974|1|Engineering|0ae8b360-bb4c-5436-9f91-1acf62b14ad5|1644806199669
975|1|Tech Content|e018a0bc-a222-5fde-9e91-d5e2c97a7a3e|1644806199669
976|2|Engineering|ee6e8cb1-aa43-5ecf-af91-0210d6509945|1644806199669
977|1|Design|23ec3e15-07cf-5cca-bd5c-c55404bec327|1644806199669
978|2|Engineering|6516ec8e-ccf4-54bd-b1db-bc981d038c0f|1644806199669
979|2|Engineering|5faee508-3908-563a-b1be-7b9686122982|1644806199669
980|1|Design|0047ba64-8c1f-568e-883e-8c7fceef00a3|1644806199669
981|1|Audio|5463debd-0394-5a5a-a18d-ad78c06c146a|1644806199669
982|1|Art|ea8bada7-74b2-58be-b593-1c24949d9f48|1644806199669
983|1|Design|c43161f0-7fb1-5b90-b03a-eae62bff40b0|1644806199669
984|1|Engineering|981320dd-6c48-5f69-86c9-50c3d8e7f8e3|1644806199669
985|1|Design|9a13b656-3469-5223-a5a6-b5f5a32bd37f|1644806199669
986|2|Engineering|30352bd3-5df6-5f50-878c-a7e066a7c2c9|1644806199669
987|6|Engineering|a85ba4f2-49c0-568a-a881-73a56d819bc9|1644806199669
988|1|Design|39b77afd-cae7-58e6-91b4-e843f494b454|1644806199669
989|2|Design|4e4f479d-ea3b-5c12-a7af-944a8d753bda|1644806199669
990|1|Art|cc377c29-9df5-57b3-8d3c-cdedeb4c145f|1644806199669
991|2|Engineering|5f5972da-d05d-5375-88d9-48c12670341e|1644806199669
992|1|Design|154deb3e-b1a2-596e-8c03-dd6b98a80d5c|1644806199669
993|1|Engineering|bffe5e7b-ab3c-57f2-ace4-d32bf614ba1b|1644806199669
994|2|Design|c8310d54-8245-5826-aa3f-8b308a48afed|1644806199669
995|1|Engineering|0489bea7-277e-51bf-a23f-9d138813bc3d|1644806199669
996|2|Design|040ce2e8-9123-5e2f-90ce-48988b80cf90|1644806199669
997|1|Audio|96414fd1-a366-5a08-8ff7-8c2c5191abc3|1644806199669
998|1|Tech Content|0ce086b6-902c-596e-b80c-b2509ce3d08a|1644806199669
999|1|Animation|c411dbf0-cd18-5be5-bf07-a2b057747904|1644806199669
1000|1|Design|a78e0619-ba11-50b5-a40a-e4f5a1aa78c7|1644806199669
1001|1|Engineering|b46ffba3-bc13-5669-815b-e66278bfb973|1644806199669
1002|2|Design|57ab29dc-68ec-5618-a552-10d1677639a6|1644806199669
1003|1|Engineering|fbc8de0d-250e-5955-9e4c-393d6e828a4a|1644806199669
1004|2|Engineering|b7338a2d-d8d9-509e-9989-d8f25c576e10|1644806199669
1005|1|Design|2179acaf-2abb-55c2-915b-db7da81348ce|1644806199669
1006|1|Art|7f285e36-4194-5435-b552-d7b55e52ed27|1644806199669
1007|1|Art|673cbb5a-a1b7-5aa9-89c8-ef66cdd8ff6b|1644806199669
1008|1|Design|b0805123-d542-5cce-a7c8-476ac0d69d57|1644806199669
1009|1|Engineering|9fe92106-ca91-5ce7-97a2-248f64b3c06a|1644806199669
1010|1|Audio|f9c62a2f-199c-5940-906e-a4184662956c|1644806199669
1011|1|Engineering|681332d6-eaa4-517c-8d2f-519a616770c7|1644806199669
1012|1|Engineering|2012c30c-ad71-5229-bfc0-a927737fdb3e|1644806199669
1013|1|Art|bb8c107a-42d5-5444-bddf-1831f594a1e4|1644806199669
1014|1|Engineering|4a11c532-15f6-5b59-a4eb-ff79cc317579|1644806199669
1015|4|Art|27b0d816-6cc8-5d7c-aab5-6acd0cee25ce|1644806199669
1016|1|Art|cec1cedc-147a-5689-86ff-5220469b2f05|1644806199669
1017|4|Audio|ed4893fc-dd96-5ade-9210-ac236bd071ea|1644806199669
1018|3|Design|711cb669-539f-5c56-8a4c-d81568dd33c4|1644806199669
1019|1|Design|3351d557-09ab-5246-bf9a-78c9cc0d7b30|1644806199669
1020|3|Art|edbfdb07-ea83-5bf9-badb-dd99962aacbc|1644806199669
1021|2|Tech Content|79627175-4889-52e6-908b-f76301393c07|1644806199669
1022|1|Art|1d2fbb99-0941-51ca-837d-0349e2ac670a|1644806199669
1023|1|Art|63a3fddf-70e8-5fea-a12f-f84d2d28898b|1644806199669
1024|1|Audio|8c584875-35fa-5ce4-96fc-4cd2af72c10c|1644806199669
1025|1|Art|33de7e18-2aef-5110-8382-56b15180f594|1644806199669
1026|4|Art|f0ca1cc3-d95b-5c40-b481-a732654c5d7f|1644806199669
1027|1|Design|431cff5e-3a2e-5fca-8d00-f56978f6dfe1|1644806199669
1028|1|Tech Content|731ff51f-4948-5085-9ac0-28adcd1c0446|1644806199669
1029|1|Engineering|6d0d3317-9941-567b-bab0-47605ac69696|1644806199669
1030|1|Design|1171fb35-66ec-537e-82ae-026e0ba47ba5|1644806199669
1031|1|Art|0953eed2-e5b0-5e12-bd03-5b513fe29989|1644806199669
1032|2|Audio|1d5492ea-0c07-5c8f-8b35-7e8201e3d38b|1644806199669
1033|2|Engineering|8af6c3e4-06c0-5271-b6b9-161a10b1a81f|1644806199669
1034|2|Design|7a89ada6-76d5-5b28-8cf4-46e60c19184e|1644806199669
1035|1|Art|9cef0a89-637c-58dd-b086-6ac40bde3a24|1644806199669
1036|2|Art|3a952235-7449-52eb-b70a-2bf4b644773d|1644806199669
1037|1|Design|5b1471a5-297d-5e68-808a-9cfbdaeba62f|1644806199669
1038|1|Engineering|336c89a8-c192-5b34-8a9e-a7079662846e|1644806199669
1039|3|Art|2a9ddc98-4005-5677-9dcb-8e2aaa2e2136|1644806199669
1040|1|Engineering|b4b87b30-4888-5c9c-bca2-1fac683841cd|1644806199669
1041|1|Engineering|5ad27b58-613d-5553-9db8-050795a3f03c|1644806199669
1042|2|Engineering|f5a48354-d25d-5f8c-8d2e-70d303247d67|1644806199669
1043|1|Engineering|25a205cf-f1a2-5175-a749-e8c2d5cb1105|1644806199669
1044|1|Animation|84bc5f7a-29ed-5dd3-a660-af8b32ebcc68|1644806199669
1045|1|Design|6a5db174-a6c1-50bf-a306-0299d3549d32|1644806199669
1046|1|Engineering|7d9328b1-080e-5442-87be-000e5dbf6fba|1644806199669
1047|1|Animation|5416b637-79bf-55d9-b386-d02afeabc43a|1644806199669
1048|1|Animation|3a59b638-a883-5c56-82c0-6d09245bb304|1644806199669
1049|1|Engineering|c94bc061-5e5b-5186-8b16-3db44188f6ce|1644806199669
1050|1|Engineering|4f81c149-7945-5978-9477-d535936d91c7|1644806199669
1051|1|Engineering|af60e1f5-b0d6-55f5-9602-9cf212011b1a|1644806199669
1052|1|Engineering|82668b88-de19-5245-a1a6-ac80663c8014|1644806199669
1053|3|Engineering|97ecbb7b-c991-59c9-98b3-307f4680a0da|1644806199669
1054|2|Design|28cf8032-b340-5e8b-a18b-47d782b47c46|1644806199669
1055|2|Art|eff333b0-0b1c-577e-bb4b-32ea200ef92d|1644806199669
1056|1|Engineering|a1a8d1fa-7be7-5aef-ae2f-49a3c4be158f|1644806199669
1057|2|Engineering|abc3d2e7-e443-5e5e-96eb-054818359e8d|1644806199669
1058|1|Engineering|e109c6c1-9564-597d-8a91-60d93b928338|1644806199669
1059|2|Engineering|95dc8e3e-1241-52d6-a44f-d3db922d447f|1644806199669
1060|1|Engineering|65206233-3d6f-5743-bec3-4564438614ac|1644806199669
1061|2|Engineering|a5882c4f-070e-543b-a946-c58b204b89a0|1644806199669
1062|1|Art|a29f88a0-ef8b-5c04-bc91-e8127a4f9412|1644806199669
1063|2|Audio|90aee303-3b03-59e6-8ef2-74b441456232|1644806199669
1064|1|Design|d44ada61-c7f1-59c0-b456-89426f9046db|1644806199669
1065|2|Design|8b6c318b-01c5-516f-9c41-dd4af1a1ad1e|1644806199669
1066|2|Engineering|96d9a835-1431-5b13-8d56-d738fb253dba|1644806199669
1067|1|Art|1501c40d-d739-5e3e-8b87-6e559d40cd08|1644806199669
1068|1|Engineering|848ab647-66f9-5f1a-be70-5842073c1df4|1644806199669
1069|1|Engineering|291cb045-d197-5cde-b786-3e1ccdb3fc1a|1644806199669
1070|1|Design|230abc60-71cb-5f36-ac81-b8045b41aafb|1644806199669
1071|1|Engineering|ec6a3a1b-4233-526f-b9aa-6a73cbe641f3|1644806199669
1072|5|Audio|982f3203-67eb-568a-95c2-83bdd8cf34c3|1644806199669
1073|2|Design|0f02d679-4357-5f49-971f-b616c375b499|1644806199669
1074|1|Engineering|873164ee-6c92-528f-9663-4520184fe45a|1644806199669
1075|2|Design|669fdf69-5cfa-5e13-97df-0b580b1a0f97|1644806199669
1076|2|Engineering|5c519f75-6069-54c6-97b1-e2fad40f94f9|1644806199669
1077|1|Art|1701037c-744d-5a3a-a9ab-5c9cb08bc13c|1644806199669
1078|1|Design|c309612a-6534-5d7e-b510-5996235f9bd2|1644806199669
1079|2|Art|f7e13dca-bb91-5b24-9b30-3ec4b00d40b1|1644806199669
1080|1|Design|62e2f558-851a-56ad-820a-aa135bf688de|1644806199669
1081|1|Engineering|5dea98e1-621c-5d19-9ed0-5a4d6d93407f|1644806199669
1082|4|Animation|10ab24b6-49be-59e1-9007-8deb592c4daf|1644806199669
1083|2|Design|85d0ef65-b228-540a-8dab-53a43d4457fe|1644806199669
1084|1|Animation|e1171196-a392-5334-bf88-ab65c68080d6|1644806199669
1085|1|Audio|9a0ef27e-f24b-5e84-a119-ee72eaf7365b|1644806199669
1086|2|Art|0bd0bb27-c741-5f6e-87ce-fcbaa20c5a82|1644806199669
1087|2|Animation|4e6fc5ea-fd38-563e-b818-458d99c4bf2c|1644806199669
1088|2|Animation|f053c61a-2718-54bb-857a-c5be2fb0bbb6|1644806199669
1089|2|Tech Content|10cb27f0-9e75-5082-9cad-6a49156ef2b0|1644806199669
1090|2|Art|29adc3f4-0bb4-539c-8005-6ddf592d0dfa|1644806199669
1091|1|Engineering|6d6d099f-8e43-54dd-bc5e-37b775d52cdd|1644806199669
1092|2|Engineering|e6ef75a2-6707-5bd8-a575-d6499da80d63|1644806199669
1093|1|Engineering|b6818235-df5d-530b-a317-9fd3c3fd744e|1644806199669
1094|1|Engineering|eb52a8ab-110e-5136-862c-4469c7ac26ce|1644806199669
1095|1|Audio|a7b7a9c4-1612-550c-8c70-903173fa6a80|1644806199669
1096|3|Art|a1394c08-3281-59ac-945e-34373210dbe1|1644806199669
1097|2|Design|27f6736a-2671-593a-b7b1-fa451dee8f0a|1644806199669
1098|1|Animation|c76033d9-4c1a-5a18-b3ef-3dd31f1214bd|1644806199669
1099|1|Engineering|cf26ecf7-fa19-5dbe-8b80-10482b5bfd36|1644806199669
1100|1|Tech Content|bb7d68ac-bb65-5bab-8359-88e626ec54d1|1644806199669
1101|1|Art|5efbeb48-5b4c-535b-9e3a-3cb1df399375|1644806199669
1102|1|Art|ebffe749-bd56-5906-979b-a1fcdeb2865c|1644806199669
1103|1|Design|54919873-43c6-5c54-b67c-315817bd1153|1644806199669
1104|1|Art|48e17e2f-1643-5097-b624-5246b19efb64|1644806199669
1105|2|Design|1a932716-2c26-53af-9c65-230eb04fd16f|1644806199669
1106|1|Engineering|741abb0a-e236-50bd-8051-5789bacc8c5d|1644806199669
1107|1|Engineering|0bbae0fc-f76e-54f7-9c6d-67fd039b3dcd|1644806199669
1108|2|Audio|8a7659a3-8e00-5c47-87f4-75615d532d76|1644806199669
1109|1|Art|c6c05b18-cfaa-5041-b71e-f33b7f75858e|1644806199669
1110|3|Art|05273ef8-5e6f-53f6-87cd-4b860ed7145c|1644806199669
1111|2|Design|c897f722-9706-5992-a08a-a940dd573e43|1644806199669
1112|1|Tech Content|8cd7648e-8018-5c37-99e7-c230662238f8|1644806199669
1113|4|Art|a88ee606-f20d-55b8-af5a-162bc50d1690|1644806199669
1114|2|Engineering|0a82ae71-4cc7-5044-aa20-c2e3d35e700a|1644806199669
1115|1|Design|d038156d-6226-565a-886a-5647c383d004|1644806199669
1116|1|Engineering|efcd66a0-a84b-5d6f-84c5-9c0225ea7cbe|1644806199669
1117|1|Engineering|e6de8553-a82b-5608-9393-a1a3ec816b6c|1644806199669
1118|1|Art|cb2f3444-ce3e-50ee-b453-4a0e2c08e856|1644806199669
1119|1|Art|675d2009-0cca-55b4-b2ce-dc7cb416ac54|1644806199669
1120|5|Art|f847e5cc-1bdb-58cd-bf99-226e567c7640|1644806199669
1121|1|Engineering|d66ecfca-0c6f-5759-ae6b-254690879cb0|1644806199669
1122|1|Engineering|84cb7fe1-6c5e-59c8-b263-61614cbeea0f|1644806199669
1123|1|Engineering|712e98f1-3a00-5ea4-a9b8-6b68224fa239|1644806199669
1124|2|Art|f77c194b-a500-5329-8573-8b7cd69eec46|1644806199669
1125|1|Tech Content|26a354c9-1699-532f-8270-5fa4a89470bb|1644806199669
1126|1|Engineering|42189726-f101-56ec-8e95-8ce312ec1d14|1644806199669
1127|1|Engineering|424b4097-7a31-5057-b5fe-d115f639fa0d|1644806199669
1128|1|Audio|b3d9153d-983f-521a-90cb-e379cccf8c26|1644806199669
1129|1|Design|86357433-fed1-503e-82fa-2d72589db78a|1644806199669
1130|1|Design|a788defa-7265-5689-9b87-78b3c60f758c|1644806199669
1131|1|Design|8ab19524-7691-53c0-8d14-679711a114e8|1644806199669
1132|1|Engineering|6a113b7f-62b7-5605-84ee-167c40df067f|1644806199669
1133|1|Engineering|335d49ba-968d-55a6-a4f0-87b061743974|1644806199669
1134|2|Engineering|dbe9a165-08d2-57f2-a0f6-2290162e2d3a|1644806199669
1135|2|Design|87ffed0c-0823-54de-a151-4a278e68b8b8|1644806199669
1136|4|Art|8a72c0ec-0d38-5d60-a51c-97f2699a43a5|1644806199669
1137|3|Design|28fc22b9-8ba6-55f3-ab25-b10d21764c66|1644806199669
1138|4|Design|e1f517d5-426d-522a-a12a-12bbb3b4d640|1644806199669
1139|4|Art|520e685e-3506-5f18-9162-634da7cb0bd3|1644806199669
1140|2|Engineering|847a6fe0-a36d-51e2-b1dd-de4be6de451d|1644806199669
1141|1|Design|c39258f9-e1b0-5966-991e-3c6fcd31eed4|1644806199669
1142|1|Engineering|b190efac-c124-5fe1-9255-66250f422627|1644806199669
1143|1|Design|f070498c-9308-5604-af30-cd04b842103c|1644806199669
1144|2|Audio|b5e48bc4-28cb-5492-a4fb-4b1f29af687f|1644806199669
1145|1|Design|6e34f7e6-d394-5bd8-aaa9-6e7cb2e23a5b|1644806199669
1146|2|Engineering|30b8c8aa-9473-5e2f-8de4-568d8adb45ee|1644806199669
1147|2|Engineering|109623c7-fdc4-5473-8e95-5c3908368d20|1644806199669
1148|1|Design|6973f7cf-79ba-5d69-afc0-00c6829d2059|1644806199669
1149|1|Engineering|a2bcd81f-e68a-550a-b10f-13f6d2c04104|1644806199669
1150|4|Audio|f0118263-cdaa-53c6-a872-939b2d1e263c|1644806199669
1151|2|Design|434df602-8aaa-5a21-9a20-81db9ef24319|1644806199669
1152|2|Design|f8dd7346-aff2-5bbb-99df-0ecbce6b30cb|1644806199669
1153|3|Art|dd655268-a7ef-5f26-b71b-6642d15215c9|1644806199669
1154|3|Tech Content|5c312305-1142-5665-bf60-711e828c0d66|1644806199669
1155|1|Design|8f65be54-ee32-5b45-9240-c47c21c11e2b|1644806199669
1156|1|Engineering|80369474-c096-523c-a700-c4dff629843a|1644806199669
1157|1|Engineering|cc0a925b-9927-5143-9e23-0c32a8df5328|1644806199669
1158|1|Art|a6024f2a-2996-556d-aa7d-374ff9412010|1644806199669
1159|2|Engineering|d61598f7-60aa-5de8-8d18-0564503486ec|1644806199669
1160|1|Engineering|76c4a640-fb46-5aa1-9dd1-955d14751033|1644806199669
1161|1|Design|812b6ed8-2725-57bf-b6a0-ebc824d5a961|1644806199669
1162|1|Art|9f18cead-385f-5914-8f45-60275fc8e332|1644806199669
1163|2|Engineering|2eafe8c3-68a7-524b-987a-bcbd223799b6|1644806199669
1164|1|Design|07c5b65c-99e9-5d3b-9619-ea8a623c654c|1644806199669
1165|1|Art|363d6678-5e5a-50e2-8716-7e1084366bf3|1644806199669
1166|1|Animation|e93cf7e4-c875-58cd-ac28-16c97f203883|1644806199669
1167|1|Design|555d7777-0fa7-598d-9ec3-66d7426e9c3c|1644806199669
1168|4|Animation|b03176d6-8a7f-5745-8266-55b52bf02e1e|1644806199669
1169|1|Engineering|b9651185-021f-5f2a-b6bb-6d479a6c2859|1644806199669
1170|8|Audio|3cfd0dfa-9a39-5e75-be07-c17ab4e96194|1644806199669
1171|2|Art|e1cba668-1c35-513d-9b6c-4a85cf33487b|1644806199669
1172|1|Design|aff8972d-ab3f-5b28-ad74-eefb15949de0|1644806199669
1173|5|Animation|13a7b5ea-adbf-58df-a7e3-999662c33bec|1644806199669
1174|6|Art|9ca01d90-85d1-56d2-ac58-f465079015af|1644806199669
1175|3|Design|7aa85516-67f7-56c6-acf7-58221e6fe2b4|1644806199669
1176|2|Engineering|ecc93764-28de-5f6e-ac51-4cb8befefb67|1644806199669
1177|3|Design|47be3431-e653-5194-8e53-20f1e9778e36|1644806199669
1178|4|Animation|a34cac7b-058d-5802-bf8a-6bb2873473f5|1644806199669
1179|4|Design|a7f72021-26f0-5d86-9f6f-7578d59c8e41|1644806199669
1180|1|Art|b70d6b4f-11c6-56b5-9ce5-506bad3c8e05|1644806199669
1181|1|Design|8fbeb78b-c21f-5d0b-925a-36a4d4c1cdfd|1644806199669
1182|2|Art|237cb84a-e13d-5425-bc2b-f5ac619f0fe8|1644806199669
1183|1|Design|20ad1e71-8901-573a-897e-2745a409d637|1644806199669
1184|3|Tech Content|329ac67b-a30a-5140-a2fe-4fe0fccc3c3f|1644806199669
1185|1|Art|a6cf7503-9e15-56d2-8609-1303b2e33bb2|1644806199669
1186|2|Design|b47439a5-8980-57a1-a056-32d654ea085b|1644806199669
1187|2|Design|64171351-c1d0-50c7-8979-f9e29c46db22|1644806199669
1188|3|Engineering|c6bcffaf-6404-5046-8e60-b4006b504e52|1644806199669
1189|1|Art|bea94d4c-505d-5ef4-a3c6-d321991bd0df|1644806199669
1190|1|Art|e36f2c70-0299-501d-993f-4319fbe8485d|1644806199669
1191|5|Audio|2e63bad0-2be7-55ee-bc3c-f6a346e46a17|1644806199669
1192|1|Design|20ae7999-297b-57b4-8fe9-595a996c7bb9|1644806199669
1193|3|Animation|e26123b0-98a4-5745-8ef6-c41326991d5c|1644806199669
1194|2|Art|6b6c593d-5582-5607-bae6-eb06d2943a56|1644806199669
1195|1|Art|702e1d5c-020b-5e41-b70d-0aa93da51365|1644806199669
1196|2|Design|f3708b21-e82e-54df-bd5f-62ba19416bf6|1644806199669
1197|1|Design|6f74a7f5-00a7-5836-a903-d057f4c15b64|1644806199669
1198|4|Art|517e527f-4d6a-5aa2-8e51-9a95cdf42638|1644806199669
1199|3|Tech Content|af691093-2f81-5afa-b5cc-b5592cec0b8b|1644806199669
1200|1|Engineering|778325e8-577f-5adf-97d3-9d6f32f8c288|1644806199669
1201|4|Art|56b2934c-68f6-541e-8b3a-2756687d4ffc|1644806199669
1202|8|Art|8f7fa0b9-dd20-584a-9d88-3866bc762551|1644806199669
1203|4|Design|5baf161f-82db-57c0-b3e3-f946ba8f4458|1644806199669
1204|2|Tech Content|13f0cca2-5844-5604-9383-bbb12c570f7e|1644806199669
1205|3|Engineering|6fbb9218-566a-5422-ba1e-34ce9c272140|1644806199669
1206|7|Engineering|cd87d2f4-2228-5fa8-bc7f-6dcd115f1784|1644806199669
1207|2|Art|36f84eb7-134f-52ef-8bf9-61bd4764d79a|1644806199669
1208|1|Engineering|eba249e0-4dd0-5b69-ae30-cbb594e1d693|1644806199669
1209|7|Art|f5161990-dfb3-5960-ae62-a1deca8483dd|1644806199669
1210|1|Design|a92385c8-f56c-5ea0-ad8b-65c7552ad7e3|1644806199669
1211|1|Engineering|c9863e62-1dc8-5653-bc25-b75de505f991|1644806199669
1212|1|Engineering|d5cbd493-9134-5952-8f34-d9ae694e3f38|1644806199669
1213|1|Engineering|c930559f-ad9d-588a-95de-ce4b5ece4fac|1644806199669
1214|1|Design|db395ad7-15c0-5ec7-885a-d16d59fee46b|1644806199669
1215|2|Art|14574709-b2bf-525d-bd8f-cf5c18426d1b|1644806199669
1216|1|Art|91c015d7-49ab-533c-b1f4-daddfaf571ca|1644806199669
1217|3|Design|c8c918cd-bfc2-59a1-b195-300c34fc702f|1644806199669
1218|3|Art|ff56fbfc-221d-5118-af4a-86287607e715|1644806199669
1219|1|Design|5f3c681f-a512-5fe7-a883-6d988d5ac092|1644806199669
1220|1|Art|311bc3ce-4bea-593a-a30b-7146e3b7e7e7|1644806199669
1221|3|Engineering|5efae5e7-7105-51be-8e63-5b09c8b4d470|1644806199669
1222|1|Art|0dab820c-620a-5192-8cda-f18ecdf8d759|1644806199669
1223|2|Art|eb2888df-7246-546f-a9e9-650d1f922148|1644806199669
1224|1|Design|ea87a6d4-68e9-5a24-80a9-dac5bc705a89|1644806199669
1225|1|Design|ccc1e19e-fc48-5d57-a3b7-bb527f5eb2a3|1644806199669
1226|1|Design|5594bc46-b207-5dd6-b99f-a1a57008d88f|1644806199669
1227|2|Art|1324802e-384b-5750-be62-34d93a1f205b|1644806199669
1228|3|Art|372e1c81-8523-54a2-aaaf-c9e28d17d60c|1644806199669
1229|1|Art|212d5c27-5c27-5516-a77c-fde1328d474a|1644806199669
1230|1|Art|9259b734-0b5d-5a15-aebf-dd62d49ed1f7|1644806199669
1231|1|Design|718e28b7-2e0d-5e0a-97e1-f3af6af1700f|1644806199669
1232|2|Art|b6f88806-0fb4-5c5d-8109-d7a51077fd6e|1644806199669
1233|1|Art|1f056f67-6baa-5178-818b-e0d990ca0ec7|1644806199669
1234|1|Design|e8810c3c-4107-5e63-b2b4-b6627bce1033|1644806199669
1235|2|Art|92803a2d-b653-592c-b917-83ec52f09193|1644806199669
1236|1|Engineering|95da794a-fa8c-5af1-a71b-593fe3d27c5f|1644806199669
1237|1|Engineering|29356f22-60f2-5141-9a1e-723edb751771|1644806199669
1238|3|Audio|de8d4b34-bfb7-5fae-8cbe-6fad64fab6d4|1644806199669
1239|2|Art|c92c0a96-16a9-5f52-9414-d0cc0e20d247|1644806199669
1240|1|Design|83ecd60f-5884-5eb9-ae0a-ae487393e2fd|1644806199669
1241|1|Art|b1286bf5-b2a4-5d88-bfcb-3474f73c1da2|1644806199669
1242|1|Design|5f939668-7250-5266-a03a-a14654927d4d|1644806199669
1243|1|Animation|be685c40-7e57-5bcb-9558-7fbabd3fe006|1644806199669
1244|1|Engineering|b136cb54-2446-5d0f-b509-0bcd3a357dc9|1644806199669
1245|1|Animation|76a7ef1d-79d2-5425-adbc-e2a6ad6cc12f|1644806199669
1246|2|Animation|c1cfe764-c9f5-58eb-abc9-3a67b08d9a81|1644806199669
1247|1|Tech Content|5403852d-5200-5408-860e-db95960debb0|1644806199669
1248|1|Art|40581040-4731-573f-bbe6-0a80f7202743|1644806199669
1249|1|Tech Content|e5674c45-627f-5068-8de3-3b95d68abe05|1644806199669
1250|1|Art|6c9fdb82-421e-5811-8277-6d719c011d75|1644806199669
1251|1|Design|e80132f0-e495-585d-9598-69033fb526df|1644806199669
1252|1|Engineering|20e84cfc-738e-5015-88b2-4fb75c864a16|1644806199669
1253|1|Engineering|ce4d1fbc-da37-55a3-be0e-65013346b334|1644806199669
1254|2|Engineering|65fd1c4c-3fc7-5d72-94e8-4788ce85262a|1644806199669
1255|1|Design|26fb8fbe-f1bb-5b66-82ba-df7fd318d68a|1644806199669
1256|2|Animation|ee6a0144-4811-5fbf-be16-b72ff46ca2cb|1644806199669
1257|1|Engineering|bffeca1a-c32e-5577-819a-a17aa32b0760|1644806199669
1258|1|Engineering|429860bf-d8e0-5918-ab70-8f794c622041|1644806199669
1259|1|Design|8ec9e9f5-631e-5a43-b528-4150a005a65a|1644806199669
1260|1|Art|d2f78042-e730-5dc3-bfb6-125bc792f114|1644806199669
1261|1|Animation|1ae79311-2956-5f9b-be55-0d046b0193fc|1644806199669
1262|1|Art|f691b979-8625-52a2-85a5-e3b6ae8751cd|1644806199669
1263|1|Tech Content|f0084f00-319d-5d5e-9edd-857f91a14422|1644806199669
1264|1|Tech Content|1723ad49-2c87-5813-b3cc-9c5f9ffeb45d|1644806199669
1265|2|Audio|4f50d0ad-0851-5bd4-b9ec-9ea4dc62c137|1644806199669
1266|1|Design|9003113f-53b7-59fb-8c8c-b2e7811d6863|1644806199669
1267|2|Design|2a8a39c0-c035-53e9-88a4-520c379b2afa|1644806199669
1268|2|Design|9a8b659e-2d14-54ca-ac86-595dcf2dae99|1644806199669
1269|1|Design|73278f2d-6e63-5785-a697-e8e04e7c3e17|1644806199669
1270|2|Engineering|b2fe6fa7-b3be-54fe-b4d7-fe62eba0f2d2|1644806199669
1271|2|Engineering|8745a114-c831-5503-ad3a-7cba2bc5d4bf|1644806199669
1272|1|Design|b30700c2-bbcc-5df3-90a2-35871239a513|1644806199669
1273|2|Art|7b2c6572-8858-5801-9a2e-cfc248026594|1644806199669
1274|1|Animation|65b66ccc-b0c0-5309-a529-a53d6005b4f6|1644806199669
1275|1|Engineering|367330fb-75b0-5857-beb2-b1cbafbf79ba|1644806199669
1276|1|Engineering|4c88b1d3-3197-5e1c-bdaa-00909ed917a4|1644806199669
1277|1|Engineering|458a01d1-928f-5729-9d48-49e9a13e27e0|1644806199669
1278|3|Tech Content|d8694ad3-218c-595c-8f98-b637bca30c8b|1644806199669
1279|3|Tech Content|75850531-8928-5ce5-9763-74e5e684bdbb|1644806199669
1280|1|Design|34ac69a2-00da-5a9e-a2e2-994ce3863f88|1644806199669
1281|3|Art|422baac8-d94e-5074-bab0-05de7c064584|1644806199669
1282|2|Art|3c0df1c4-c5f9-5bcd-814e-f7b90bb00db2|1644806199669
1283|3|Tech Content|743b699f-ed81-5921-bb39-f905f95549de|1644806199669
1284|1|Design|9f12e4c3-87fc-5094-ad5d-edb9b8457abc|1644806199669
1285|2|Animation|8df3f802-6a3e-576a-a888-d7f574082960|1644806199669
1286|2|Design|f9f540b9-3a88-5219-87b8-423236105371|1644806199669
1287|2|Design|3419aade-53ab-5909-97d5-2e4dcda69d3b|1644806199669
1288|1|Engineering|055eee63-ced6-5cb1-a991-6b24bbf62733|1644806199669
